ID,DataID,primer,barcode,continent,type,tot.n.seqs,tot.mean.seqs,tot.median.seqs,Species,overlapped,prop.n.seqs,prop.mean.seqs,prop.median.seqs,type2
D006_RS002,D006,MiFish,12S,Asia,basin,130095,8673,6174,Nipponocypris temminckii,FALSE,0.978077558707099,0.944313117414533,0.986128364389234,Unique to reanalyzed
D006_RS002,D006,MiFish,12S,Asia,basin,130095,8673,6174,Zacco platypus,FALSE,0.016441830969676,0.0425959656622004,0,Unique to reanalyzed
D006_RS002,D006,MiFish,12S,Asia,basin,130095,8673,6174,Cyprinus carpio,TRUE,0.00258272800645682,0.00646077162778372,0,Overlapped
D006_RS002,D006,MiFish,12S,Asia,basin,130095,8673,6174,Pungtungia herzi,TRUE,0.0022368269341635,0.00545314603838349,0,Overlapped
D006_RS002,D006,MiFish,12S,Asia,basin,130095,8673,6174,Rhodeus ocellatus,TRUE,0.000515008263192283,0.000924775707384403,0,Overlapped
D006_RS002,D006,MiFish,12S,Asia,basin,130095,8673,6174,Sarcocheilichthys variegatus variegatus,FALSE,0.000146047119412737,0.000252223549714589,0,Unique to reanalyzed
D015_RS003,D015,MiFish,12S,Asia,basin,5640063,144617,153103,Mystacoleucus marginatus,TRUE,0.295090498102592,0.251246844878441,0.233370616827054,Overlapped
D015_RS003,D015,MiFish,12S,Asia,basin,5640063,144617,153103,Oreochromis niloticus,FALSE,0.306477604948739,0.30760295433592,0.189708480565371,Unique to reanalyzed
D015_RS003,D015,MiFish,12S,Asia,basin,5640063,144617,153103,Mastacembelus favus,FALSE,0.0255631896310378,0.0249453954300885,0.00657321957165245,Unique to reanalyzed
D015_RS003,D015,MiFish,12S,Asia,basin,5640063,144617,153103,Lobocheilos melanotaenia,FALSE,0.0224804226477612,0.0227676021847368,0,Unique to reanalyzed
D015_RS003,D015,MiFish,12S,Asia,basin,5640063,144617,153103,Toxotes chatareus,TRUE,0.0218685500498842,0.0215666276693258,0,Overlapped
D015_RS003,D015,MiFish,12S,Asia,basin,5640063,144617,153103,Channa gachua,TRUE,0.0152173832100812,0.0108249943358451,0,Overlapped
D015_RS003,D015,MiFish,12S,Asia,basin,5640063,144617,153103,Esomus metallicus,TRUE,0.0213552579111262,0.0208025680601543,0,Overlapped
D015_RS003,D015,MiFish,12S,Asia,basin,5640063,144617,153103,Acantopsis dialuzona,TRUE,0.0160086864277934,0.0213147340168294,1.54287653901935e-05,Overlapped
D015_RS003,D015,MiFish,12S,Asia,basin,5640063,144617,153103,Channa micropeltes,TRUE,0.0123700745895924,0.0114147467819528,0,Overlapped
D015_RS003,D015,MiFish,12S,Asia,basin,5640063,144617,153103,Labeo rohita,TRUE,0.0116679547728456,0.0112101001913129,0,Overlapped
D015_RS003,D015,MiFish,12S,Asia,basin,5640063,144617,153103,Cyclocheilichthys apogon,TRUE,0.0116691958937338,0.014441689463943,0,Overlapped
D015_RS003,D015,MiFish,12S,Asia,basin,5640063,144617,153103,Paralaubuca typus,TRUE,0.0120165324394426,0.0148901481787813,0,Overlapped
D015_RS003,D015,MiFish,12S,Asia,basin,5640063,144617,153103,Osteochilus vittatus,FALSE,0.0116468557177464,0.0116731148165431,0,Unique to reanalyzed
D015_RS003,D015,MiFish,12S,Asia,basin,5640063,144617,153103,Trichopodus microlepis,FALSE,0.0137939948543128,0.0163172237272804,1.86771590795896e-05,Unique to reanalyzed
D015_RS003,D015,MiFish,12S,Asia,basin,5640063,144617,153103,Cirrhinus cirrhosus,FALSE,0.0109826787395815,0.0121759517232584,0,Unique to reanalyzed
D015_RS003,D015,MiFish,12S,Asia,basin,5640063,144617,153103,Systomus orphoides,FALSE,0.0114094470221343,0.0119851528728936,0,Unique to reanalyzed
D015_RS003,D015,MiFish,12S,Asia,basin,5640063,144617,153103,Poropuntius bantamensis,TRUE,0.011427000017553,0.00807194497049815,0,Overlapped
D015_RS003,D015,MiFish,12S,Asia,basin,5640063,144617,153103,Hypophthalmichthys nobilis,TRUE,0.0111117553119531,0.00829337606874886,0,Overlapped
D015_RS003,D015,MiFish,12S,Asia,basin,5640063,144617,153103,Syncrossus helodes,TRUE,0.00981620240766814,0.0123501226930844,0,Overlapped
D015_RS003,D015,MiFish,12S,Asia,basin,5640063,144617,153103,Chitala ornata,FALSE,0.00545579012149332,0.00616499290496076,0.000127290683638758,Unique to reanalyzed
D015_RS003,D015,MiFish,12S,Asia,basin,5640063,144617,153103,Polynemus dubius,TRUE,0.00919670578147797,0.0103254294077237,0,Overlapped
D015_RS003,D015,MiFish,12S,Asia,basin,5640063,144617,153103,Amblyrhynchichthys truncatus,TRUE,0.00775470061238678,0.00882724405906249,0,Overlapped
D015_RS003,D015,MiFish,12S,Asia,basin,5640063,144617,153103,Osphronemus goramy,TRUE,0.00667776228740707,0.00806197472538079,0,Overlapped
D015_RS003,D015,MiFish,12S,Asia,basin,5640063,144617,153103,Gyrinocheilus aymonieri,TRUE,0.00542511670525666,0.0063371839902345,0,Overlapped
D015_RS003,D015,MiFish,12S,Asia,basin,5640063,144617,153103,Trichopodus pectoralis,TRUE,0.00509604236690264,0.0057543991502719,0,Overlapped
D015_RS003,D015,MiFish,12S,Asia,basin,5640063,144617,153103,Channa striata,TRUE,0.00739708049360442,0.00780007228475519,0.00213941807828271,Overlapped
D015_RS003,D015,MiFish,12S,Asia,basin,5640063,144617,153103,Nemacheilus platiceps,TRUE,0.00453931099705801,0.0064134816864009,0,Overlapped
D015_RS003,D015,MiFish,12S,Asia,basin,5640063,144617,153103,Bagarius yarrelli,FALSE,0.00443257460067379,0.0039879285647989,0.0003156016019502,Unique to reanalyzed
D015_RS003,D015,MiFish,12S,Asia,basin,5640063,144617,153103,Epalzeorhynchos munense,FALSE,0.00365616483361977,0.00372566678977082,0,Unique to reanalyzed
D015_RS003,D015,MiFish,12S,Asia,basin,5640063,144617,153103,Oxyeleotris marmorata,TRUE,0.0063713827310085,0.00739712683351697,2.94956248156523e-05,Overlapped
D015_RS003,D015,MiFish,12S,Asia,basin,5640063,144617,153103,Hypophthalmichthys molitrix,TRUE,0.00335084909512536,0.00251089726963673,0,Overlapped
D015_RS003,D015,MiFish,12S,Asia,basin,5640063,144617,153103,Hemibagrus nemurus,FALSE,0.00426254103899194,0.00733184719720023,0,Unique to reanalyzed
D015_RS003,D015,MiFish,12S,Asia,basin,5640063,144617,153103,Osteochilus melanopleurus,TRUE,0.00391733212909147,0.00558438380635876,0,Overlapped
D015_RS003,D015,MiFish,12S,Asia,basin,5640063,144617,153103,Hypsibarbus vernayi,FALSE,0.00714016846974936,0.0103435874026341,0,Unique to reanalyzed
D015_RS003,D015,MiFish,12S,Asia,basin,5640063,144617,153103,Barbonymus gonionotus,TRUE,0.00929900960326152,0.00980805418335017,0.00290118537702958,Overlapped
D015_RS003,D015,MiFish,12S,Asia,basin,5640063,144617,153103,Acanthocobitis botia,FALSE,0.00246132002426214,0.00168062329831529,0,Unique to reanalyzed
D015_RS003,D015,MiFish,12S,Asia,basin,5640063,144617,153103,Clupeichthys goniognathus,FALSE,0.00821480185593672,0.0260043147825809,0,Unique to reanalyzed
D015_RS003,D015,MiFish,12S,Asia,basin,5640063,144617,153103,Pethia stoliczkana,FALSE,0.00237408695612088,0.00154564448068927,0,Unique to reanalyzed
D015_RS003,D015,MiFish,12S,Asia,basin,5640063,144617,153103,Clupeoides borneensis,TRUE,0.00215919573948021,0.00143122710739046,0,Overlapped
D015_RS003,D015,MiFish,12S,Asia,basin,5640063,144617,153103,Labiobarbus lineatus,FALSE,0.00179980259085758,0.00166414808333077,0,Unique to reanalyzed
D015_RS003,D015,MiFish,12S,Asia,basin,5640063,144617,153103,Dermogenys pusilla,TRUE,0.00191451762152302,0.00163260347497218,0,Overlapped
D015_RS003,D015,MiFish,12S,Asia,basin,5640063,144617,153103,Yasuhikotakia lecontei,TRUE,0.00161523018448553,0.0011168694179127,0,Overlapped
D015_RS003,D015,MiFish,12S,Asia,basin,5640063,144617,153103,Solea ovata,FALSE,0.00148579900614585,0.00140144968101442,0,Unique to reanalyzed
D015_RS003,D015,MiFish,12S,Asia,basin,5640063,144617,153103,Yasuhikotakia eos,TRUE,0.00148030261364102,0.00152907441955223,0,Overlapped
D015_RS003,D015,MiFish,12S,Asia,basin,5640063,144617,153103,Mystus cavasius,FALSE,0.00258720514292128,0.0030671208957148,0,Unique to reanalyzed
D015_RS003,D015,MiFish,12S,Asia,basin,5640063,144617,153103,Sikukia gudgeri,FALSE,0.00125477321795874,0.00191749857906942,0,Unique to reanalyzed
D015_RS003,D015,MiFish,12S,Asia,basin,5640063,144617,153103,Rasbora trilineata,FALSE,0.00129555290428493,0.00213595806019724,0,Unique to reanalyzed
D015_RS003,D015,MiFish,12S,Asia,basin,5640063,144617,153103,Barbonymus altus,TRUE,0.00513114835773998,0.00522640085161698,0,Overlapped
D015_RS003,D015,MiFish,12S,Asia,basin,5640063,144617,153103,Pseudohomaloptera leonardi,FALSE,0.000957968022697619,0.000881767954044184,0,Unique to reanalyzed
D015_RS003,D015,MiFish,12S,Asia,basin,5640063,144617,153103,Puntioplites proctozystron,TRUE,0.00345811740046166,0.00541284272946204,0.000522330736310765,Overlapped
D015_RS003,D015,MiFish,12S,Asia,basin,5640063,144617,153103,Leptobarbus hoevenii,TRUE,0.000904245218537452,0.00104146234001999,0,Overlapped
D015_RS003,D015,MiFish,12S,Asia,basin,5640063,144617,153103,Henicorhynchus caudimaculatus,TRUE,0.000943251875023382,0.000528071045805002,0,Overlapped
D015_RS003,D015,MiFish,12S,Asia,basin,5640063,144617,153103,Cyprinus carpio,TRUE,0.000812047666843438,0.00107249017135518,0,Overlapped
D015_RS003,D015,MiFish,12S,Asia,basin,5640063,144617,153103,Pangasius pangasius,FALSE,0.000845380627840505,0.00119517576845383,0,Unique to reanalyzed
D015_RS003,D015,MiFish,12S,Asia,basin,5640063,144617,153103,Sundasalanx praecox,FALSE,0.000745736350817358,0.00135130315936992,0,Unique to reanalyzed
D015_RS003,D015,MiFish,12S,Asia,basin,5640063,144617,153103,Trigonostigma espei,FALSE,0.00068048885269544,0.000690779197206405,0,Unique to reanalyzed
D015_RS003,D015,MiFish,12S,Asia,basin,5640063,144617,153103,Homalopteroides smithi,TRUE,0.00066595000800523,0.000918765972047489,0,Overlapped
D015_RS003,D015,MiFish,12S,Asia,basin,5640063,144617,153103,Labiobarbus siamensis,TRUE,0.000905663642409668,0.000977358415958514,0,Overlapped
D015_RS003,D015,MiFish,12S,Asia,basin,5640063,144617,153103,Yasuhikotakia modesta,TRUE,0.00124041167625255,0.0016644726745977,0,Overlapped
D015_RS003,D015,MiFish,12S,Asia,basin,5640063,144617,153103,Gambusia affinis,TRUE,0.000454959457013157,0.000688130104324386,0,Overlapped
D015_RS003,D015,MiFish,12S,Asia,basin,5640063,144617,153103,Pangio anguillaris,TRUE,0.000503540474636542,0.00051066491392387,0,Overlapped
D015_RS003,D015,MiFish,12S,Asia,basin,5640063,144617,153103,Labeo chrysophekadion,TRUE,0.00116417139312096,0.00136588875319162,0,Overlapped
D015_RS003,D015,MiFish,12S,Asia,basin,5640063,144617,153103,Yasuhikotakia morleti,TRUE,0.00031347167575965,0.000362226199607943,0,Overlapped
D015_RS003,D015,MiFish,12S,Asia,basin,5640063,144617,153103,Nemacheilus masyae,FALSE,0.000291308802756281,0.000212694591926072,0,Unique to reanalyzed
D015_RS003,D015,MiFish,12S,Asia,basin,5640063,144617,153103,Clarias batrachus,FALSE,0.000622510776918627,0.000780351191165287,0,Unique to reanalyzed
D015_RS003,D015,MiFish,12S,Asia,basin,5640063,144617,153103,Cyclocheilichthys enoplos,TRUE,0.00052109347005521,0.00135504593708595,0,Overlapped
D015_RS003,D015,MiFish,12S,Asia,basin,5640063,144617,153103,Lycothrissa crocodilus,TRUE,0.0002907768938042,0.000261799494790829,0,Overlapped
D015_RS003,D015,MiFish,12S,Asia,basin,5640063,144617,153103,Notopterus notopterus,TRUE,0.000644673649921996,0.000516850825652122,0,Overlapped
D015_RS003,D015,MiFish,12S,Asia,basin,5640063,144617,153103,Pangio oblonga,FALSE,0.000212586277848315,0.000184288675683747,0,Unique to reanalyzed
D015_RS003,D015,MiFish,12S,Asia,basin,5640063,144617,153103,Barbodes binotatus,FALSE,0.000211167853976099,0.000212961467921405,0,Unique to reanalyzed
D015_RS003,D015,MiFish,12S,Asia,basin,5640063,144617,153103,Anabas testudineus,TRUE,0.00041932155722374,0.000482200352575055,0,Overlapped
D015_RS003,D015,MiFish,12S,Asia,basin,5640063,144617,153103,Cirrhinus molitorella,TRUE,0.00025939426563143,0.000390205143112864,0,Overlapped
D015_RS003,D015,MiFish,12S,Asia,basin,5640063,144617,153103,Pangasianodon hypophthalmus,TRUE,0.000225352092698255,0.000224711077329532,0,Overlapped
D015_RS003,D015,MiFish,12S,Asia,basin,5640063,144617,153103,Hampala macrolepidota,TRUE,0.000565596519045975,0.000739208291709598,0,Overlapped
D015_RS003,D015,MiFish,12S,Asia,basin,5640063,144617,153103,Barbichthys laevis,TRUE,0.000165246381113119,9.55637502496757e-05,0,Overlapped
D015_RS003,D015,MiFish,12S,Asia,basin,5640063,144617,153103,Trigonopoma pauciperforatum,FALSE,0.000513824047710105,0.000573237975651035,0,Unique to reanalyzed
D015_RS003,D015,MiFish,12S,Asia,basin,5640063,144617,153103,Discherodontus schroederi,TRUE,0.000240245543356519,0.000170193126314328,0,Overlapped
D015_RS003,D015,MiFish,12S,Asia,basin,5640063,144617,153103,Lates calcarifer,FALSE,8.01409487801821e-05,0.000121213876521677,0,Unique to reanalyzed
D015_RS003,D015,MiFish,12S,Asia,basin,5640063,144617,153103,Mystus mysticetus,FALSE,7.55310711954813e-05,6.80040151103006e-05,0,Unique to reanalyzed
D015_RS003,D015,MiFish,12S,Asia,basin,5640063,144617,153103,Thynnichthys thynnoides,TRUE,8.0318251764209e-05,9.41510795331932e-05,0,Overlapped
D015_RS003,D015,MiFish,12S,Asia,basin,5640063,144617,153103,Cosmochilus harmandi,TRUE,0.000106559093400198,9.59399368105414e-05,0,Overlapped
D015_RS003,D015,MiFish,12S,Asia,basin,5640063,144617,153103,Scaphiodonichthys burmanicus,FALSE,3.2978355029013e-05,3.0530306499656e-05,0,Unique to reanalyzed
D015_RS003,D015,MiFish,12S,Asia,basin,5640063,144617,153103,Rasbora paviana,TRUE,3.19145371248513e-05,2.88505325684246e-05,0,Overlapped
D015_RS003,D015,MiFish,12S,Asia,basin,5640063,144617,153103,Epalzeorhynchos bicolor,TRUE,3.15599311567974e-05,1.82514458631355e-05,0,Overlapped
D015_RS003,D015,MiFish,12S,Asia,basin,5640063,144617,153103,Raiamas guttatus,TRUE,1.64891775145065e-05,1.65333574173663e-05,0,Overlapped
D015_RS003,D015,MiFish,12S,Asia,basin,5640063,144617,153103,Ambastaia sidthimunki,TRUE,1.41842387221561e-05,1.26301138541613e-05,0,Overlapped
D015_RS003,D015,MiFish,12S,Asia,basin,5640063,144617,153103,Pangasius bocourti,FALSE,1.29431178339675e-05,1.38280036185734e-05,0,Unique to reanalyzed
D015_RS003,D015,MiFish,12S,Asia,basin,5640063,144617,153103,Henicorhynchus siamensis,FALSE,1.01062700895362e-05,7.14243202547988e-06,0,Unique to reanalyzed
D015_RS003,D015,MiFish,12S,Asia,basin,5640063,144617,153103,Probarbus jullieni,FALSE,7.62402831315891e-06,7.68878515585257e-06,0,Unique to reanalyzed
D015_RS003,D015,MiFish,12S,Asia,basin,5640063,144617,153103,Henicorhynchus entmema,FALSE,1.59572685624256e-06,2.02902643460313e-06,0,Unique to reanalyzed
D021_RS006,D021,COI313,COI,Europe,basin,7027,1171.16666666667,98.5,Cyprinus carpio,FALSE,0.91532659740999,0.25553830375203,0.0181818181818182,Unique to reanalyzed
D021_RS006,D021,COI313,COI,Europe,basin,7027,1171.16666666667,98.5,Osmerus eperlanus,TRUE,0.0559271381813007,0.333333333333333,0,Overlapped
D021_RS006,D021,COI313,COI,Europe,basin,7027,1171.16666666667,98.5,Perca fluviatilis,TRUE,0.0129500498078839,0.192759186236245,0.000470072077718584,Overlapped
D021_RS006,D021,COI313,COI,Europe,basin,7027,1171.16666666667,98.5,Leuciscus idus,FALSE,0.00868080261847161,0.166666666666667,0,Unique to reanalyzed
D021_RS006,D021,COI313,COI,Europe,basin,7027,1171.16666666667,98.5,Tinca tinca,TRUE,0.00270385655329444,0.0172874383222421,0,Overlapped
D021_RS006,D021,COI313,COI,Europe,basin,7027,1171.16666666667,98.5,Esox lucius,FALSE,0.00185000711541198,0.0123562481600714,0,Unique to reanalyzed
D021_RS006,D021,COI313,COI,Europe,basin,7027,1171.16666666667,98.5,Lota lota,TRUE,0.00142308239647076,0.0122549019607843,0,Overlapped
D021_RS006,D021,COI313,COI,Europe,basin,7027,1171.16666666667,98.5,Abramis brama,FALSE,0.0011384659171766,0.00980392156862745,0,Unique to reanalyzed
D004_RS007,D004,MiFish,12S,South_America,basin,392755,17852.5,17101,Prochilodus harttii,FALSE,0.796519458695624,0.809632502828236,0.803768135972186,Unique to reanalyzed
D004_RS007,D004,MiFish,12S,South_America,basin,392755,17852.5,17101,Megaleporinus elongatus,FALSE,0.115000445570394,0.121693286429871,0.116092183999911,Unique to reanalyzed
D004_RS007,D004,MiFish,12S,South_America,basin,392755,17852.5,17101,Hoplias malabaricus,TRUE,0.0375577650189049,0.026968123633944,0.0203555274961366,Overlapped
D004_RS007,D004,MiFish,12S,South_America,basin,392755,17852.5,17101,Rhamdia quelen,TRUE,0.0323305877710023,0.0231446525403238,0.0179545656471424,Overlapped
D004_RS007,D004,MiFish,12S,South_America,basin,392755,17852.5,17101,Geophagus brasiliensis,TRUE,0.0151595778538784,0.0112845251265907,0.0133818479153496,Overlapped
D004_RS007,D004,MiFish,12S,South_America,basin,392755,17852.5,17101,Gymnotus carapo,TRUE,0.00336341994373082,0.00724679742681592,0.000185598986642386,Overlapped
D004_RS007,D004,MiFish,12S,South_America,basin,392755,17852.5,17101,Lycengraulis grossidens,FALSE,6.3652913393846e-05,2.65884060443524e-05,0,Unique to reanalyzed
D004_RS007,D004,MiFish,12S,South_America,basin,392755,17852.5,17101,Poecilia reticulata,TRUE,5.09223307150768e-06,3.52360817477097e-06,0,Overlapped
D048_RS009,D048,MiFish,12S,Oceania,basin,168533,5617.76666666667,4068.5,Nematalosa erebi,FALSE,0.310823399571597,0.156318882751991,0,Unique to reanalyzed
D048_RS009,D048,MiFish,12S,Oceania,basin,168533,5617.76666666667,4068.5,Torquigener pleurogramma,TRUE,0.306218960084969,0.54341781402151,0.752265189898981,Overlapped
D048_RS009,D048,MiFish,12S,Oceania,basin,168533,5617.76666666667,4068.5,Leiopotherapon unicolor,FALSE,0.205989331466241,0.105429335184742,0.0275217932752179,Unique to reanalyzed
D048_RS009,D048,MiFish,12S,Oceania,basin,168533,5617.76666666667,4068.5,Aldrichetta forsteri,TRUE,0.00899527095583654,0.0170961731442112,0.00327049972972076,Overlapped
D048_RS009,D048,MiFish,12S,Oceania,basin,168533,5617.76666666667,4068.5,Mugil cephalus,TRUE,0.076477603792729,0.118503399038798,0.0679668790264096,Overlapped
D048_RS009,D048,MiFish,12S,Oceania,basin,168533,5617.76666666667,4068.5,Pseudogobius olorum,TRUE,0.0824289605003174,0.0426621637421327,0,Overlapped
D048_RS009,D048,MiFish,12S,Oceania,basin,168533,5617.76666666667,4068.5,Haletta semifasciata,TRUE,0.00873419449009986,0.015951348722805,0,Overlapped
D048_RS009,D048,MiFish,12S,Oceania,basin,168533,5617.76666666667,4068.5,Bostockia porosa,TRUE,0.000219541573460391,0.000148246577890778,0,Overlapped
D048_RS009,D048,MiFish,12S,Oceania,basin,168533,5617.76666666667,4068.5,Elops hawaiensis,FALSE,0.00011273756474993,0.000472636815920398,0,Unique to reanalyzed
D052_RS010,D052,MiFish,12S,Europe,basin,1232495,13396.6847826087,10003,Barbatula barbatula,TRUE,0.204304277096459,0.17715627165343,0.0341850024326934,Overlapped
D052_RS010,D052,MiFish,12S,Europe,basin,1232495,13396.6847826087,10003,Salmo trutta,TRUE,0.229614724603345,0.275705604685353,0.166802718003411,Overlapped
D052_RS010,D052,MiFish,12S,Europe,basin,1232495,13396.6847826087,10003,Rutilus rutilus,TRUE,0.144889025918969,0.0872514751191267,0,Overlapped
D052_RS010,D052,MiFish,12S,Europe,basin,1232495,13396.6847826087,10003,Gobio gobio,TRUE,0.0632692221875139,0.0692625280407956,0,Overlapped
D052_RS010,D052,MiFish,12S,Europe,basin,1232495,13396.6847826087,10003,Perca fluviatilis,TRUE,0.0380374768254638,0.0234716441640111,0,Overlapped
D052_RS010,D052,MiFish,12S,Europe,basin,1232495,13396.6847826087,10003,Abramis brama,FALSE,0.03602610963939,0.0285575884469595,0,Unique to reanalyzed
D052_RS010,D052,MiFish,12S,Europe,basin,1232495,13396.6847826087,10003,Tinca tinca,TRUE,0.0262199846652522,0.0272490015670991,0,Overlapped
D052_RS010,D052,MiFish,12S,Europe,basin,1232495,13396.6847826087,10003,Phoxinus phoxinus,TRUE,0.0702185404403263,0.0779745056872231,0,Overlapped
D052_RS010,D052,MiFish,12S,Europe,basin,1232495,13396.6847826087,10003,Leuciscus leuciscus,TRUE,0.04468010012211,0.0550794659592392,0,Overlapped
D052_RS010,D052,MiFish,12S,Europe,basin,1232495,13396.6847826087,10003,Lepomis gibbosus,TRUE,0.011968405551341,0.00570882173374802,0,Overlapped
D052_RS010,D052,MiFish,12S,Europe,basin,1232495,13396.6847826087,10003,Cyprinus carpio,TRUE,0.0104917261327632,0.0115982462159047,0,Overlapped
D052_RS010,D052,MiFish,12S,Europe,basin,1232495,13396.6847826087,10003,Alburnus alburnus,TRUE,0.00769414886064447,0.0122713788702333,0,Overlapped
D052_RS010,D052,MiFish,12S,Europe,basin,1232495,13396.6847826087,10003,Sander lucioperca,TRUE,0.00771443291859196,0.010204169242393,0,Overlapped
D052_RS010,D052,MiFish,12S,Europe,basin,1232495,13396.6847826087,10003,Squalius cephalus,TRUE,0.033619609004499,0.047982831524879,0.00150825571549534,Overlapped
D052_RS010,D052,MiFish,12S,Europe,basin,1232495,13396.6847826087,10003,Barbus barbus,TRUE,0.0130507628834194,0.0115791323079356,0,Overlapped
D052_RS010,D052,MiFish,12S,Europe,basin,1232495,13396.6847826087,10003,Salvelinus fontinalis,TRUE,0.00615823999286001,0.0134381203143085,0,Overlapped
D052_RS010,D052,MiFish,12S,Europe,basin,1232495,13396.6847826087,10003,Gasterosteus aculeatus,TRUE,0.00993107477109441,0.0144767619935824,0,Overlapped
D052_RS010,D052,MiFish,12S,Europe,basin,1232495,13396.6847826087,10003,Lota lota,TRUE,0.00567304532675589,0.00956235170274954,0,Overlapped
D052_RS010,D052,MiFish,12S,Europe,basin,1232495,13396.6847826087,10003,Vimba vimba,FALSE,0.005623552225364,0.0014819434039746,0,Unique to reanalyzed
D052_RS010,D052,MiFish,12S,Europe,basin,1232495,13396.6847826087,10003,Thymallus thymallus,TRUE,0.00543450480529333,0.0123969280823683,0,Overlapped
D052_RS010,D052,MiFish,12S,Europe,basin,1232495,13396.6847826087,10003,Gymnocephalus cernua,TRUE,0.00544505251542603,0.0036635807180887,0,Overlapped
D052_RS010,D052,MiFish,12S,Europe,basin,1232495,13396.6847826087,10003,Cottus poecilopus,FALSE,0.0031050835906028,0.0016377741677608,0,Unique to reanalyzed
D052_RS010,D052,MiFish,12S,Europe,basin,1232495,13396.6847826087,10003,Atherina boyeri,FALSE,0.00259392533032588,0.00552464228934817,0,Unique to reanalyzed
D052_RS010,D052,MiFish,12S,Europe,basin,1232495,13396.6847826087,10003,Neogobius melanostomus,TRUE,0.00220122596846235,0.00148979388538371,0,Overlapped
D052_RS010,D052,MiFish,12S,Europe,basin,1232495,13396.6847826087,10003,Anguilla anguilla,TRUE,0.00300041785159372,0.0046096427679963,0,Overlapped
D052_RS010,D052,MiFish,12S,Europe,basin,1232495,13396.6847826087,10003,Salmo salar,TRUE,0.00158702469381215,0.00097636894626032,0,Overlapped
D052_RS010,D052,MiFish,12S,Europe,basin,1232495,13396.6847826087,10003,Leucaspius delineatus,TRUE,0.00233347802628003,0.00153493573615019,0,Overlapped
D052_RS010,D052,MiFish,12S,Europe,basin,1232495,13396.6847826087,10003,Oncorhynchus mykiss,TRUE,0.00321542886583718,0.00694716386384347,0,Overlapped
D052_RS010,D052,MiFish,12S,Europe,basin,1232495,13396.6847826087,10003,Acipenser gueldenstaedtii,FALSE,0.000326979014113648,0.000432507383748884,0,Unique to reanalyzed
D052_RS010,D052,MiFish,12S,Europe,basin,1232495,13396.6847826087,10003,Esox lucius,TRUE,0.000543612752992913,0.000233956988440182,0,Overlapped
D052_RS010,D052,MiFish,12S,Europe,basin,1232495,13396.6847826087,10003,Scardinius erythrophthalmus,TRUE,0.00102880741909703,0.000540862537665875,0,Overlapped
D053_RS011,D053,MiFish,12S,Asia,basin,358564,35856.4,38248,Cyprinus carpio,TRUE,0.377558817951607,0.407573914659093,0.352259010212873,Overlapped
D053_RS011,D053,MiFish,12S,Asia,basin,358564,35856.4,38248,Carassius cuvieri,FALSE,0.227794759094611,0.202921953977154,0.168417244207607,Unique to reanalyzed
D053_RS011,D053,MiFish,12S,Asia,basin,358564,35856.4,38248,Tridentiger brevispinis,FALSE,0.105802590332549,0.0940757384572254,0.0580758728128243,Unique to reanalyzed
D053_RS011,D053,MiFish,12S,Asia,basin,358564,35856.4,38248,Carassius auratus,TRUE,0.076901194765788,0.0684148890772764,0.0444052175262066,Overlapped
D053_RS011,D053,MiFish,12S,Asia,basin,358564,35856.4,38248,Zacco platypus,TRUE,0.0876356801017392,0.0758821358016797,0.044179710112287,Overlapped
D053_RS011,D053,MiFish,12S,Asia,basin,358564,35856.4,38248,Misgurnus anguillicaudatus,TRUE,0.0367437891143562,0.0597230679145369,0.0145577090672558,Overlapped
D053_RS011,D053,MiFish,12S,Asia,basin,358564,35856.4,38248,Gymnogobius urotaenia,TRUE,0.0323317455182338,0.0379976705837105,0.0251809399017844,Overlapped
D053_RS011,D053,MiFish,12S,Asia,basin,358564,35856.4,38248,Channa argus,TRUE,0.0162342008679064,0.0150199231086173,0.0147934623916791,Overlapped
D053_RS011,D053,MiFish,12S,Asia,basin,358564,35856.4,38248,Anguilla japonica,TRUE,0.0109910643567118,0.0134033329308364,0.00950941366824202,Overlapped
D053_RS011,D053,MiFish,12S,Asia,basin,358564,35856.4,38248,Hypophthalmichthys nobilis,FALSE,0.0100763043696523,0.00781438830103518,0,Unique to reanalyzed
D053_RS011,D053,MiFish,12S,Asia,basin,358564,35856.4,38248,Hemibarbus labeo,TRUE,0.00945159023214824,0.00889352308067417,0.0078104341952978,Overlapped
D053_RS011,D053,MiFish,12S,Asia,basin,358564,35856.4,38248,Opsariichthys uncirostris,TRUE,0.00419172030655615,0.00325352474538902,0.000164686507469709,Overlapped
D053_RS011,D053,MiFish,12S,Asia,basin,358564,35856.4,38248,Gambusia affinis,TRUE,0.00296460325074464,0.00340046006446532,0.00109444581825,Overlapped
D053_RS011,D053,MiFish,12S,Asia,basin,358564,35856.4,38248,Oncorhynchus keta,TRUE,0.000557780479914325,0.000696354583754048,0,Overlapped
D053_RS011,D053,MiFish,12S,Asia,basin,358564,35856.4,38248,Oncorhynchus masou,TRUE,0.000273312435158019,0.000465094205305871,0,Overlapped
D053_RS011,D053,MiFish,12S,Asia,basin,358564,35856.4,38248,Sarcocheilichthys variegatus variegatus,TRUE,0.000301201459153735,0.000231274520835874,0,Overlapped
D053_RS011,D053,MiFish,12S,Asia,basin,358564,35856.4,38248,Oncorhynchus mykiss,TRUE,9.20337791858636e-05,0.000156613354847895,0,Overlapped
D053_RS011,D053,MiFish,12S,Asia,basin,358564,35856.4,38248,Tanakia lanceolata,TRUE,4.74113407927176e-05,3.99952946712151e-05,0,Overlapped
D053_RS011,D053,MiFish,12S,Asia,basin,358564,35856.4,38248,Oryzias latipes,TRUE,5.02002431922892e-05,3.61453388918256e-05,0,Overlapped
D056_RS012,D056,MiFish,12S,Africa,basin,245221,22292.8181818182,32,Oreochromis niloticus,TRUE,0.999502489591022,0.857012142896606,1,Overlapped
D056_RS012,D056,MiFish,12S,Africa,basin,245221,22292.8181818182,32,Anguilla mossambica,TRUE,0.000497510408978024,0.142987857103394,0,Overlapped
D046_RS013,D046,MiFish,12S,Asia,basin,267427,12734.619047619,10480,Monopterus albus,TRUE,0.226248658512416,0.174093805558406,0.00334868145667643,Overlapped
D046_RS013,D046,MiFish,12S,Asia,basin,267427,12734.619047619,10480,Lateolabrax japonicus,FALSE,0.155261061897265,0.084974592373862,0.000535117056856187,Unique to reanalyzed
D046_RS013,D046,MiFish,12S,Asia,basin,267427,12734.619047619,10480,Sinibotia superciliaris,TRUE,0.127799362068901,0.0735378133709507,0,Overlapped
D046_RS013,D046,MiFish,12S,Asia,basin,267427,12734.619047619,10480,Ctenopharyngodon idella,TRUE,0.0802349800132373,0.0843150565787383,0,Overlapped
D046_RS013,D046,MiFish,12S,Asia,basin,267427,12734.619047619,10480,Pseudobrama simoni,FALSE,0.0571408272163992,0.0333969831316319,0,Unique to reanalyzed
D046_RS013,D046,MiFish,12S,Asia,basin,267427,12734.619047619,10480,Odontobutis sinensis,FALSE,0.0567070639838161,0.0964063223364506,0,Unique to reanalyzed
D046_RS013,D046,MiFish,12S,Asia,basin,267427,12734.619047619,10480,Siniperca knerii,FALSE,0.0491386434428835,0.0308572896553178,0,Unique to reanalyzed
D046_RS013,D046,MiFish,12S,Asia,basin,267427,12734.619047619,10480,Saurogobio dumerili,TRUE,0.0464500592685107,0.0836880044147065,0,Overlapped
D046_RS013,D046,MiFish,12S,Asia,basin,267427,12734.619047619,10480,Sinibotia reevesae,FALSE,0.0825832844103251,0.116596424658632,0,Unique to reanalyzed
D046_RS013,D046,MiFish,12S,Asia,basin,267427,12734.619047619,10480,Cyprinus carpio,TRUE,0.0517262654855344,0.0872303374461934,0,Overlapped
D046_RS013,D046,MiFish,12S,Asia,basin,267427,12734.619047619,10480,Mugil cephalus,TRUE,0.0318554222273742,0.0226523625490096,0,Overlapped
D046_RS013,D046,MiFish,12S,Asia,basin,267427,12734.619047619,10480,Acanthorhodeus chankaensis,FALSE,0.0304195163539957,0.064792024332663,0,Unique to reanalyzed
D046_RS013,D046,MiFish,12S,Asia,basin,267427,12734.619047619,10480,Tachysurus nitidus,FALSE,0.00443485511934098,0.0474589835934374,0,Unique to reanalyzed
D005_RS014,D005,Teleo,12S,Europe,basin,6523540,33800.725388601,31322,Rutilus rutilus,TRUE,0.331734457058591,0.315030876215757,0.309500247402276,Overlapped
D005_RS014,D005,Teleo,12S,Europe,basin,6523540,33800.725388601,31322,Barbus barbus,TRUE,0.202185929725272,0.212912035585075,0.209367656672379,Overlapped
D005_RS014,D005,Teleo,12S,Europe,basin,6523540,33800.725388601,31322,Squalius cephalus,TRUE,0.179295137302753,0.170399386444766,0.148058740696037,Overlapped
D005_RS014,D005,Teleo,12S,Europe,basin,6523540,33800.725388601,31322,Gobio gobio,FALSE,0.118124668508203,0.117942439786849,0.109206898415959,Unique to reanalyzed
D005_RS014,D005,Teleo,12S,Europe,basin,6523540,33800.725388601,31322,Gymnocephalus cernua,TRUE,0.0647010672119739,0.0609125907780095,0.0575572287634544,Overlapped
D005_RS014,D005,Teleo,12S,Europe,basin,6523540,33800.725388601,31322,Esox lucius,TRUE,0.0572592488127612,0.0687373404189689,0.0140029278849214,Overlapped
D005_RS014,D005,Teleo,12S,Europe,basin,6523540,33800.725388601,31322,Perca fluviatilis,TRUE,0.0293820533023481,0.0347486764615095,0.0193927277271023,Overlapped
D005_RS014,D005,Teleo,12S,Europe,basin,6523540,33800.725388601,31322,Leuciscus leuciscus,FALSE,0.00698577766059532,0.00774829379735341,0.00244609344488068,Unique to reanalyzed
D005_RS014,D005,Teleo,12S,Europe,basin,6523540,33800.725388601,31322,Pungitius pungitius,FALSE,0.00421289667879709,0.00476091655609493,0.00149437740501364,Unique to reanalyzed
D005_RS014,D005,Teleo,12S,Europe,basin,6523540,33800.725388601,31322,Barbatula barbatula,TRUE,0.00155084509330823,0.001768694997644,0,Overlapped
D005_RS014,D005,Teleo,12S,Europe,basin,6523540,33800.725388601,31322,Thymallus thymallus,TRUE,0.000611171235249573,0.000603589576676269,0,Overlapped
D005_RS014,D005,Teleo,12S,Europe,basin,6523540,33800.725388601,31322,Phoxinus phoxinus,TRUE,0.000709890642197335,0.000691590247989173,0,Overlapped
D005_RS014,D005,Teleo,12S,Europe,basin,6523540,33800.725388601,31322,Abramis brama,TRUE,0.000909935403170671,0.00117106760082068,0,Overlapped
D005_RS014,D005,Teleo,12S,Europe,basin,6523540,33800.725388601,31322,Tinca tinca,TRUE,0.000419557479527986,0.000483808105940427,0,Overlapped
D005_RS014,D005,Teleo,12S,Europe,basin,6523540,33800.725388601,31322,Salmo trutta,TRUE,0.000348890326417865,0.000477505829639886,0,Overlapped
D005_RS014,D005,Teleo,12S,Europe,basin,6523540,33800.725388601,31322,Alburnus alburnus,TRUE,0.000416338368431864,0.000326557959233213,0,Overlapped
D005_RS014,D005,Teleo,12S,Europe,basin,6523540,33800.725388601,31322,Chelon ramada,TRUE,0.000206942856179314,0.000257701974315071,0,Overlapped
D005_RS014,D005,Teleo,12S,Europe,basin,6523540,33800.725388601,31322,Lepomis gibbosus,TRUE,0.000282208739426753,0.000248344855953128,0,Overlapped
D005_RS014,D005,Teleo,12S,Europe,basin,6523540,33800.725388601,31322,Silurus glanis,TRUE,0.000170153015080769,0.000207034743126706,0,Overlapped
D005_RS014,D005,Teleo,12S,Europe,basin,6523540,33800.725388601,31322,Cyprinus carpio,TRUE,0.000182109713437796,0.000216284429297911,0,Overlapped
D005_RS014,D005,Teleo,12S,Europe,basin,6523540,33800.725388601,31322,Rhodeus amarus,TRUE,8.308372448088e-05,6.98911986353264e-05,0,Overlapped
D005_RS014,D005,Teleo,12S,Europe,basin,6523540,33800.725388601,31322,Acipenser baerii,FALSE,2.60594707781358e-05,2.201459602506e-05,0,Unique to reanalyzed
D005_RS014,D005,Teleo,12S,Europe,basin,6523540,33800.725388601,31322,Mugil cephalus,TRUE,3.89359151626264e-05,4.69935425217373e-05,0,Overlapped
D005_RS014,D005,Teleo,12S,Europe,basin,6523540,33800.725388601,31322,Chelon labrosus,TRUE,2.08475766225086e-05,2.88687236759808e-05,0,Overlapped
D005_RS014,D005,Teleo,12S,Europe,basin,6523540,33800.725388601,31322,Blicca bjoerkna,TRUE,2.06942856179314e-05,1.83904789085046e-05,0,Overlapped
D005_RS014,D005,Teleo,12S,Europe,basin,6523540,33800.725388601,31322,Micropterus salmoides,TRUE,4.26148992724809e-05,7.66335944441472e-05,0,Overlapped
D005_RS014,D005,Teleo,12S,Europe,basin,6523540,33800.725388601,31322,Alosa fallax,FALSE,3.03516189062993e-05,4.05764163678072e-05,0,Unique to reanalyzed
D005_RS014,D005,Teleo,12S,Europe,basin,6523540,33800.725388601,31322,Scardinius erythrophthalmus,TRUE,1.42560634256861e-05,2.06950417519002e-05,0,Overlapped
D005_RS014,D005,Teleo,12S,Europe,basin,6523540,33800.725388601,31322,Sander lucioperca,TRUE,1.27231533799134e-05,1.43307758201939e-05,0,Overlapped
D005_RS014,D005,Teleo,12S,Europe,basin,6523540,33800.725388601,31322,Anguilla anguilla,TRUE,1.68620105034996e-05,1.36443144021518e-05,0,Overlapped
D005_RS014,D005,Teleo,12S,Europe,basin,6523540,33800.725388601,31322,Lota lota,FALSE,4.29214812816354e-06,3.22495242701297e-06,0,Unique to reanalyzed
D008_RS016,D008,Teleo,12S,Europe,basin,509240,101848,110490,Rutilus rutilus,TRUE,0.307742911004634,0.275688942473737,0.216135600485818,Overlapped
D008_RS016,D008,Teleo,12S,Europe,basin,509240,101848,110490,Perca fluviatilis,TRUE,0.164507894116723,0.192086226993024,0.148303013847407,Overlapped
D008_RS016,D008,Teleo,12S,Europe,basin,509240,101848,110490,Abramis brama,TRUE,0.102297541434294,0.0932180480518888,0.0791020125979413,Overlapped
D008_RS016,D008,Teleo,12S,Europe,basin,509240,101848,110490,Lepomis gibbosus,TRUE,0.119240436729244,0.100698779008727,0.122002271736879,Overlapped
D008_RS016,D008,Teleo,12S,Europe,basin,509240,101848,110490,Squalius cephalus,TRUE,0.0587424397140837,0.063303743802348,0.0581118451375019,Overlapped
D008_RS016,D008,Teleo,12S,Europe,basin,509240,101848,110490,Alburnus alburnus,TRUE,0.060482287330139,0.0472240081765361,0.0494529192019057,Overlapped
D008_RS016,D008,Teleo,12S,Europe,basin,509240,101848,110490,Barbus barbus,TRUE,0.042186395412772,0.0593129258934162,0.0237875641136229,Overlapped
D008_RS016,D008,Teleo,12S,Europe,basin,509240,101848,110490,Salmo trutta,TRUE,0.0445487392977771,0.0572514094746586,0.0297183189147099,Overlapped
D008_RS016,D008,Teleo,12S,Europe,basin,509240,101848,110490,Gobio gobio,FALSE,0.0359653601445291,0.0320892945086688,0.0359580052493438,Unique to reanalyzed
D008_RS016,D008,Teleo,12S,Europe,basin,509240,101848,110490,Esox lucius,TRUE,0.0141976278375619,0.0245165246465745,0.00668838808941986,Overlapped
D008_RS016,D008,Teleo,12S,Europe,basin,509240,101848,110490,Scardinius erythrophthalmus,TRUE,0.0118097557143979,0.0188453457414754,0.00547560865236673,Overlapped
D008_RS016,D008,Teleo,12S,Europe,basin,509240,101848,110490,Tinca tinca,TRUE,0.0213082240201084,0.0186617059802284,0.014710400983254,Overlapped
D008_RS016,D008,Teleo,12S,Europe,basin,509240,101848,110490,Cyprinus carpio,TRUE,0.0167543790746996,0.0169039322068127,0.0129056658859126,Overlapped
D008_RS016,D008,Teleo,12S,Europe,basin,509240,101848,110490,Rhodeus amarus,FALSE,0.000216008169036211,0.000199113041904245,0,Unique to reanalyzed
D013_RS017,D013,Teleo,12S,South_America,basin,5621600,108107.692307692,90899.5,Hypostomus gymnorhynchus,TRUE,0.109560089654191,0.107146759665932,0.0954794043903378,Overlapped
D013_RS017,D013,Teleo,12S,South_America,basin,5621600,108107.692307692,90899.5,Harttia fowleri,TRUE,0.0791164437170912,0.0543887746944494,0,Overlapped
D013_RS017,D013,Teleo,12S,South_America,basin,5621600,108107.692307692,90899.5,Myloplus rubripinnis,TRUE,0.17106855699445,0.146631843061044,0.137005646283324,Overlapped
D013_RS017,D013,Teleo,12S,South_America,basin,5621600,108107.692307692,90899.5,Pygocentrus nattereri,FALSE,0.0540874484132631,0.0756644024242075,0.0598396176427853,Unique to reanalyzed
D013_RS017,D013,Teleo,12S,South_America,basin,5621600,108107.692307692,90899.5,Lycengraulis grossidens,FALSE,0.0594892913049666,0.0744351441352938,0.00733436106694067,Unique to reanalyzed
D013_RS017,D013,Teleo,12S,South_America,basin,5621600,108107.692307692,90899.5,Krobia guianensis,TRUE,0.0786537640529387,0.076898576785677,0.0731961108639248,Overlapped
D013_RS017,D013,Teleo,12S,South_America,basin,5621600,108107.692307692,90899.5,Pseudancistrus barbatus,TRUE,0.0340164721787391,0.053278282782228,0.0515433581211755,Overlapped
D013_RS017,D013,Teleo,12S,South_America,basin,5621600,108107.692307692,90899.5,Pseudancistrus longispinis,TRUE,0.0628041838622456,0.049619243145253,0,Overlapped
D013_RS017,D013,Teleo,12S,South_America,basin,5621600,108107.692307692,90899.5,Hoplias malabaricus,TRUE,0.0395960224847019,0.0275166287562445,0.0129516622079682,Overlapped
D013_RS017,D013,Teleo,12S,South_America,basin,5621600,108107.692307692,90899.5,Electrophorus electricus,TRUE,0.0260843887861107,0.0379511756675136,0.0404051805370987,Overlapped
D013_RS017,D013,Teleo,12S,South_America,basin,5621600,108107.692307692,90899.5,Pimelodella cristata,TRUE,0.0484515084673403,0.03900100787847,0.0151509186492708,Overlapped
D013_RS017,D013,Teleo,12S,South_America,basin,5621600,108107.692307692,90899.5,Doras micropoeus,TRUE,0.0313540629002419,0.0441820926792188,0.0392641960616373,Overlapped
D013_RS017,D013,Teleo,12S,South_America,basin,5621600,108107.692307692,90899.5,Pseudancistrus niger,TRUE,0.0172828020492387,0.0107449397068905,0,Overlapped
D013_RS017,D013,Teleo,12S,South_America,basin,5621600,108107.692307692,90899.5,Platydoras costatus,TRUE,0.0118992813433898,0.0178292908231779,0.0129028867481077,Overlapped
D013_RS017,D013,Teleo,12S,South_America,basin,5621600,108107.692307692,90899.5,Paralithoxus planquettei,TRUE,0.0167206845026327,0.0124130626232549,0.0101336817522918,Overlapped
D013_RS017,D013,Teleo,12S,South_America,basin,5621600,108107.692307692,90899.5,Mugil incilis,FALSE,0.0126300341539775,0.00838943392067301,0,Unique to reanalyzed
D013_RS017,D013,Teleo,12S,South_America,basin,5621600,108107.692307692,90899.5,Harttia guianensis,TRUE,0.00947043546321332,0.0149450135911562,0.0161947381836894,Overlapped
D013_RS017,D013,Teleo,12S,South_America,basin,5621600,108107.692307692,90899.5,Pimelodus ornatus,TRUE,0.0116228475878753,0.0147999497536221,0.0101169881382007,Overlapped
D013_RS017,D013,Teleo,12S,South_America,basin,5621600,108107.692307692,90899.5,Eigenmannia humboldtii,FALSE,0.0103886793795361,0.0155658188323358,0.00683276031245512,Unique to reanalyzed
D013_RS017,D013,Teleo,12S,South_America,basin,5621600,108107.692307692,90899.5,Chalceus macrolepidotus,TRUE,0.00749341824391632,0.0107760104810956,0.00682075863145492,Overlapped
D013_RS017,D013,Teleo,12S,South_America,basin,5621600,108107.692307692,90899.5,Pimelodus blochii,TRUE,0.007782659740999,0.00744665670518574,0.00495249738904233,Overlapped
D013_RS017,D013,Teleo,12S,South_America,basin,5621600,108107.692307692,90899.5,Synbranchus marmoratus,TRUE,0.0282794933826669,0.0258598064088891,0.0233959803523583,Overlapped
D013_RS017,D013,Teleo,12S,South_America,basin,5621600,108107.692307692,90899.5,Awaous flavus,FALSE,0.0152184431478583,0.00705329273192627,0,Unique to reanalyzed
D013_RS017,D013,Teleo,12S,South_America,basin,5621600,108107.692307692,90899.5,Hemiancistrus medians,TRUE,0.00537338124377401,0.00845605134706412,0.00768466893545135,Overlapped
D013_RS017,D013,Teleo,12S,South_America,basin,5621600,108107.692307692,90899.5,Cichla ocellaris,TRUE,0.00702184431478583,0.0099103048425817,0.00671370716945034,Overlapped
D013_RS017,D013,Teleo,12S,South_America,basin,5621600,108107.692307692,90899.5,Paralithoxus pallidimaculatus,FALSE,0.00341219581613775,0.00615422987435383,0.00179386774054812,Unique to reanalyzed
D013_RS017,D013,Teleo,12S,South_America,basin,5621600,108107.692307692,90899.5,Gymnotus carapo,TRUE,0.00571741141312082,0.00644066444890039,0.0046041869320124,Overlapped
D013_RS017,D013,Teleo,12S,South_America,basin,5621600,108107.692307692,90899.5,Brachyplatystoma vaillantii,FALSE,0.0057351999430767,0.00324364208930707,0,Unique to reanalyzed
D013_RS017,D013,Teleo,12S,South_America,basin,5621600,108107.692307692,90899.5,Metaloricaria paucidens,TRUE,0.00767717375836061,0.00796292741273793,0.00616094424524601,Overlapped
D013_RS017,D013,Teleo,12S,South_America,basin,5621600,108107.692307692,90899.5,Hemisorubim platyrhynchos,FALSE,0.00353244627863953,0.00514197049044951,0.00217340827371084,Unique to reanalyzed
D013_RS017,D013,Teleo,12S,South_America,basin,5621600,108107.692307692,90899.5,Pseudoqolus koko,TRUE,0.00352070584886865,0.00460036179686181,0.00136353518425345,Overlapped
D013_RS017,D013,Teleo,12S,South_America,basin,5621600,108107.692307692,90899.5,Cteniloricaria platystoma,TRUE,0.0026318130069731,0.00385347051999217,0.00243484810307331,Overlapped
D013_RS017,D013,Teleo,12S,South_America,basin,5621600,108107.692307692,90899.5,Brachyplatystoma filamentosum,FALSE,0.00210384943788245,0.000852080873823524,0,Unique to reanalyzed
D013_RS017,D013,Teleo,12S,South_America,basin,5621600,108107.692307692,90899.5,Rhamdia quelen,FALSE,0.00302138181300697,0.00317247042687854,0.00245285213187645,Unique to reanalyzed
D013_RS017,D013,Teleo,12S,South_America,basin,5621600,108107.692307692,90899.5,Megalops atlanticus,TRUE,0.00174434324747403,0.00112619212899899,3.44650399167826e-05,Overlapped
D013_RS017,D013,Teleo,12S,South_America,basin,5621600,108107.692307692,90899.5,Pseudopimelodus bufonius,TRUE,0.00126974526825103,0.0018526298218749,0.000777447207657389,Overlapped
D013_RS017,D013,Teleo,12S,South_America,basin,5621600,108107.692307692,90899.5,Batrochoglanis raninus,TRUE,0.00121655756368294,0.00117199036812155,3.49268463374226e-05,Overlapped
D013_RS017,D013,Teleo,12S,South_America,basin,5621600,108107.692307692,90899.5,Loricaria parnahybae,TRUE,0.000338337839760922,0.000771068051996098,0,Overlapped
D013_RS017,D013,Teleo,12S,South_America,basin,5621600,108107.692307692,90899.5,Colomesus psittacus,FALSE,0.000504660594848442,0.000599039745136856,0,Unique to reanalyzed
D013_RS017,D013,Teleo,12S,South_America,basin,5621600,108107.692307692,90899.5,Mugil cephalus,FALSE,0.000445958445994023,0.000351710087220691,0,Unique to reanalyzed
D013_RS017,D013,Teleo,12S,South_America,basin,5621600,108107.692307692,90899.5,Tatia intermedia,FALSE,0.000373737014373132,0.000386498226454865,9.8566371502659e-05,Unique to reanalyzed
D013_RS017,D013,Teleo,12S,South_America,basin,5621600,108107.692307692,90899.5,Pimelabditus moli,TRUE,0.000241390351501352,0.000377395271944285,0,Overlapped
D013_RS017,D013,Teleo,12S,South_America,basin,5621600,108107.692307692,90899.5,Hoplosternum littorale,FALSE,0.000325174327593568,0.000288444846330643,0,Unique to reanalyzed
D013_RS017,D013,Teleo,12S,South_America,basin,5621600,108107.692307692,90899.5,Pterengraulis atherinoides,FALSE,0.0001538707841184,0.000161352222398765,0,Unique to reanalyzed
D013_RS017,D013,Teleo,12S,South_America,basin,5621600,108107.692307692,90899.5,Brachyplatystoma rousseauxii,FALSE,0.000204034438593995,9.14159233299875e-05,0,Unique to reanalyzed
D013_RS017,D013,Teleo,12S,South_America,basin,5621600,108107.692307692,90899.5,Farlowella reticulata,TRUE,0.000121851430197808,0.000160903458936737,0,Overlapped
D013_RS017,D013,Teleo,12S,South_America,basin,5621600,108107.692307692,90899.5,Nannacara anomala,FALSE,0.000184822826241639,0.000272807261301415,0,Unique to reanalyzed
D013_RS017,D013,Teleo,12S,South_America,basin,5621600,108107.692307692,90899.5,Acanthodoras cataphractus,FALSE,2.89953038280916e-05,2.77674380308192e-05,0,Unique to reanalyzed
D013_RS017,D013,Teleo,12S,South_America,basin,5621600,108107.692307692,90899.5,Astronotus ocellatus,FALSE,1.77885299558844e-05,1.96064356023149e-05,0,Unique to reanalyzed
D013_RS017,D013,Teleo,12S,South_America,basin,5621600,108107.692307692,90899.5,Laimosemion geayi,FALSE,9.42792087661876e-06,1.44910927312063e-05,0,Unique to reanalyzed
D013_RS017,D013,Teleo,12S,South_America,basin,5621600,108107.692307692,90899.5,Bunocephalus coracoideus,FALSE,8.89426497794222e-07,1.30624290056984e-06,0,Unique to reanalyzed
D039_RS019,D039,Teleo,12S,Europe,basin,5715157,127003.488888889,99474,Abramis brama,TRUE,0.182828048293336,0.162763214395621,0.157414599350083,Overlapped
D039_RS019,D039,Teleo,12S,Europe,basin,5715157,127003.488888889,99474,Neogobius melanostomus,TRUE,0.256136095648816,0.303894638645164,0.294063583040268,Overlapped
D039_RS019,D039,Teleo,12S,Europe,basin,5715157,127003.488888889,99474,Perca fluviatilis,TRUE,0.0924459293069289,0.0662753001710594,0.024966330394125,Overlapped
D039_RS019,D039,Teleo,12S,Europe,basin,5715157,127003.488888889,99474,Rutilus rutilus,TRUE,0.0632955490111645,0.0446531273499735,0.020844871859423,Overlapped
D039_RS019,D039,Teleo,12S,Europe,basin,5715157,127003.488888889,99474,Alburnus alburnus,TRUE,0.0922634321331855,0.0938177684024798,0.0711694279840368,Overlapped
D039_RS019,D039,Teleo,12S,Europe,basin,5715157,127003.488888889,99474,Barbus barbus,TRUE,0.128056849531868,0.132429271006125,0.140851069871786,Overlapped
D039_RS019,D039,Teleo,12S,Europe,basin,5715157,127003.488888889,99474,Cyprinus carpio,TRUE,0.0402666103485871,0.0338124061454914,0.0290327120654643,Overlapped
D039_RS019,D039,Teleo,12S,Europe,basin,5715157,127003.488888889,99474,Silurus glanis,TRUE,0.0439868930984748,0.0494108515770726,0.042381057156881,Overlapped
D039_RS019,D039,Teleo,12S,Europe,basin,5715157,127003.488888889,99474,Gymnocephalus cernua,FALSE,0.0202916560297469,0.0172344156675031,0.0154307758251179,Unique to reanalyzed
D039_RS019,D039,Teleo,12S,Europe,basin,5715157,127003.488888889,99474,Leuciscus leuciscus,FALSE,0.0127289591519533,0.017187391558665,0.00823070357273503,Unique to reanalyzed
D039_RS019,D039,Teleo,12S,Europe,basin,5715157,127003.488888889,99474,Ponticola kessleri,TRUE,0.0434661724953488,0.052632043797226,0.0489938757655293,Overlapped
D039_RS019,D039,Teleo,12S,Europe,basin,5715157,127003.488888889,99474,Sander lucioperca,FALSE,0.0213301226895429,0.0223384478329041,0.0206080048884815,Unique to reanalyzed
D039_RS019,D039,Teleo,12S,Europe,basin,5715157,127003.488888889,99474,Acipenser ruthenus,TRUE,0.00187238950740986,0.0023161856731379,0.00106478129392223,Overlapped
D039_RS019,D039,Teleo,12S,Europe,basin,5715157,127003.488888889,99474,Blicca bjoerkna,FALSE,0.00065405027368452,0.000935627930460471,0,Unique to reanalyzed
D039_RS019,D039,Teleo,12S,Europe,basin,5715157,127003.488888889,99474,Phoxinus phoxinus,TRUE,0.000125105924474166,5.77505802837709e-05,0,Overlapped
D039_RS019,D039,Teleo,12S,Europe,basin,5715157,127003.488888889,99474,Scardinius erythrophthalmus,TRUE,5.6866329306439e-05,4.01492292280755e-05,0,Overlapped
D039_RS019,D039,Teleo,12S,Europe,basin,5715157,127003.488888889,99474,Squalius cephalus,TRUE,0.000108133512342706,0.000113100661021954,0,Overlapped
D039_RS019,D039,Teleo,12S,Europe,basin,5715157,127003.488888889,99474,Tinca tinca,TRUE,1.60975455267458e-05,6.90393182333267e-06,0,Overlapped
D039_RS019,D039,Teleo,12S,Europe,basin,5715157,127003.488888889,99474,Barbatula barbatula,FALSE,1.52226789220314e-05,1.84205595676959e-05,0,Unique to reanalyzed
D039_RS019,D039,Teleo,12S,Europe,basin,5715157,127003.488888889,99474,Esox lucius,TRUE,1.31229990707167e-05,2.12524667757313e-05,0,Overlapped
D039_RS019,D039,Teleo,12S,Europe,basin,5715157,127003.488888889,99474,Ameiurus nebulosus,FALSE,2.25715584016327e-05,2.69527098940512e-05,0,Unique to reanalyzed
D039_RS019,D039,Teleo,12S,Europe,basin,5715157,127003.488888889,99474,Rhodeus amarus,TRUE,1.29480257497738e-05,5.41649825153618e-06,0,Overlapped
D039_RS019,D039,Teleo,12S,Europe,basin,5715157,127003.488888889,99474,Lepomis gibbosus,TRUE,4.19935970262934e-06,4.48752468138575e-06,0,Overlapped
D039_RS019,D039,Teleo,12S,Europe,basin,5715157,127003.488888889,99474,Salmo trutta,TRUE,2.09967985131467e-06,4.19735986064765e-06,0,Overlapped
D039_RS019,D039,Teleo,12S,Europe,basin,5715157,127003.488888889,99474,Anguilla anguilla,TRUE,8.74866604714446e-07,6.78325729301908e-07,0,Overlapped
D045_RS020,D045,Tele02,12S,Asia,basin,3653993,81199.8444444444,71014,Rhinogobius similis,TRUE,0.262675380056831,0.233808854812172,0.140731868755319,Overlapped
D045_RS020,D045,Tele02,12S,Asia,basin,3653993,81199.8444444444,71014,Tanichthys albonubes,FALSE,0.148843744364042,0.176853618115975,0.134000039528035,Unique to reanalyzed
D045_RS020,D045,Tele02,12S,Asia,basin,3653993,81199.8444444444,71014,Rhinogobius cliffordpopei,FALSE,0.118382273857667,0.0977846063500396,0.0305687111041528,Unique to reanalyzed
D045_RS020,D045,Tele02,12S,Asia,basin,3653993,81199.8444444444,71014,Cyprinus carpio,TRUE,0.108095718847847,0.1386360348008,0.10810961190708,Overlapped
D045_RS020,D045,Tele02,12S,Asia,basin,3653993,81199.8444444444,71014,Acrossocheilus parallens,FALSE,0.105440815020718,0.0650897928420619,0.0120758147716268,Unique to reanalyzed
D045_RS020,D045,Tele02,12S,Asia,basin,3653993,81199.8444444444,71014,Hemiculter leucisculus,TRUE,0.050151984418142,0.0487921828147865,0.0159014751523994,Overlapped
D045_RS020,D045,Tele02,12S,Asia,basin,3653993,81199.8444444444,71014,Rhodeus ocellatus,FALSE,0.0470241732811201,0.0447758948124572,0.0155108854420255,Unique to reanalyzed
D045_RS020,D045,Tele02,12S,Asia,basin,3653993,81199.8444444444,71014,Gambusia affinis,FALSE,0.0391401953971997,0.0461070261599268,0.00920851300598136,Unique to reanalyzed
D045_RS020,D045,Tele02,12S,Asia,basin,3653993,81199.8444444444,71014,Cirrhinus molitorella,FALSE,0.0262436189669767,0.0313240992822622,0.00783236700233954,Unique to reanalyzed
D045_RS020,D045,Tele02,12S,Asia,basin,3653993,81199.8444444444,71014,Ctenopharyngodon idella,TRUE,0.0234833509533269,0.0381031869052585,0.0180346037241594,Overlapped
D045_RS020,D045,Tele02,12S,Asia,basin,3653993,81199.8444444444,71014,Hypophthalmichthys nobilis,TRUE,0.0178508825824242,0.0206532338451484,0.00337682271680737,Overlapped
D045_RS020,D045,Tele02,12S,Asia,basin,3653993,81199.8444444444,71014,Acrossocheilus longipinnis,FALSE,0.00377039583819673,0.00378261107973868,0,Unique to reanalyzed
D045_RS020,D045,Tele02,12S,Asia,basin,3653993,81199.8444444444,71014,Misgurnus anguillicaudatus,TRUE,0.00459004710736994,0.0018912348753047,5.74194802211975e-05,Overlapped
D045_RS020,D045,Tele02,12S,Asia,basin,3653993,81199.8444444444,71014,Channa asiatica,TRUE,0.0030021951328314,0.0033496971468416,0,Overlapped
D045_RS020,D045,Tele02,12S,Asia,basin,3653993,81199.8444444444,71014,Onychostoma gerlachi,FALSE,0.00252627741760863,0.00319002031163901,0,Unique to reanalyzed
D045_RS020,D045,Tele02,12S,Asia,basin,3653993,81199.8444444444,71014,Mastacembelus armatus,FALSE,0.00168582698434288,0.00168603938630391,7.41903972895775e-05,Unique to reanalyzed
D045_RS020,D045,Tele02,12S,Asia,basin,3653993,81199.8444444444,71014,Hemiculter tchangi,FALSE,0.00216530245131832,0.0018732338273188,0,Unique to reanalyzed
D045_RS020,D045,Tele02,12S,Asia,basin,3653993,81199.8444444444,71014,Ancherythroculter wangi,FALSE,0.00165298619893361,0.00137821339142112,0,Unique to reanalyzed
D045_RS020,D045,Tele02,12S,Asia,basin,3653993,81199.8444444444,71014,Clarias fuscus,FALSE,0.00152217040371999,0.0020523051896645,0,Unique to reanalyzed
D045_RS020,D045,Tele02,12S,Asia,basin,3653993,81199.8444444444,71014,Parabramis pekinensis,TRUE,0.00157170525504564,0.00121700589646526,0,Overlapped
D045_RS020,D045,Tele02,12S,Asia,basin,3653993,81199.8444444444,71014,Carassioides acuminatus,TRUE,0.00166694353273255,0.00183533424263246,0,Overlapped
D045_RS020,D045,Tele02,12S,Asia,basin,3653993,81199.8444444444,71014,Acheilognathus macropterus,FALSE,0.00156541077117553,0.000654830157171594,0,Unique to reanalyzed
D045_RS020,D045,Tele02,12S,Asia,basin,3653993,81199.8444444444,71014,Squalidus chankaensis,FALSE,0.0012353608778123,0.00142460029955412,0,Unique to reanalyzed
D045_RS020,D045,Tele02,12S,Asia,basin,3653993,81199.8444444444,71014,Macropodus opercularis,FALSE,0.00127723287920913,0.000995141037553305,7.79253163767845e-05,Unique to reanalyzed
D045_RS020,D045,Tele02,12S,Asia,basin,3653993,81199.8444444444,71014,Sinibotia pulchra,TRUE,0.00095511950898647,0.00103237672764727,0,Overlapped
D045_RS020,D045,Tele02,12S,Asia,basin,3653993,81199.8444444444,71014,Rasbora steineri,FALSE,0.00092063668430673,0.000873649390122026,0,Unique to reanalyzed
D045_RS020,D045,Tele02,12S,Asia,basin,3653993,81199.8444444444,71014,Squaliobarbus curriculus,TRUE,0.00171948878938739,0.002248989336403,0,Overlapped
D045_RS020,D045,Tele02,12S,Asia,basin,3653993,81199.8444444444,71014,Paratanakia himantegus,TRUE,0.0007630009143422,0.00179325576977783,5.04155078102024e-05,Overlapped
D045_RS020,D045,Tele02,12S,Asia,basin,3653993,81199.8444444444,71014,Hypophthalmichthys molitrix,TRUE,0.0014512890418783,0.00302144499523379,0,Overlapped
D045_RS020,D045,Tele02,12S,Asia,basin,3653993,81199.8444444444,71014,Hemibagrus guttatus,FALSE,0.000743570116308378,0.000407564114010985,0,Unique to reanalyzed
D045_RS020,D045,Tele02,12S,Asia,basin,3653993,81199.8444444444,71014,Culter alburnus,TRUE,0.000777505594564631,0.000783038575241601,0,Overlapped
D045_RS020,D045,Tele02,12S,Asia,basin,3653993,81199.8444444444,71014,Silurus meridionalis,FALSE,0.000548714789546669,0.0014737400232272,0,Unique to reanalyzed
D045_RS020,D045,Tele02,12S,Asia,basin,3653993,81199.8444444444,71014,Rhodeus sinensis,FALSE,0.000480570159822419,0.000490430128505001,0,Unique to reanalyzed
D045_RS020,D045,Tele02,12S,Asia,basin,3653993,81199.8444444444,71014,Megalobrama terminalis,FALSE,0.00137082911762557,0.00253245648818598,0,Unique to reanalyzed
D045_RS020,D045,Tele02,12S,Asia,basin,3653993,81199.8444444444,71014,Saurogobio dumerili,FALSE,0.0004269302103206,0.000454908317639739,0,Unique to reanalyzed
D045_RS020,D045,Tele02,12S,Asia,basin,3653993,81199.8444444444,71014,Siniperca knerii,FALSE,0.000437877138790359,0.000705738883910811,0,Unique to reanalyzed
D045_RS020,D045,Tele02,12S,Asia,basin,3653993,81199.8444444444,71014,Eleotris oxycephala,FALSE,0.000426109190685368,0.00128979515223315,0,Unique to reanalyzed
D045_RS020,D045,Tele02,12S,Asia,basin,3653993,81199.8444444444,71014,Schistura incerta,FALSE,0.000416530628274329,0.000525100513172156,0,Unique to reanalyzed
D045_RS020,D045,Tele02,12S,Asia,basin,3653993,81199.8444444444,71014,Mugilogobius myxodermus,FALSE,0.00138150237288358,0.000727426698462252,0.000109096463092667,Unique to reanalyzed
D045_RS020,D045,Tele02,12S,Asia,basin,3653993,81199.8444444444,71014,Pseudolaubuca sinensis,TRUE,0.000681172624030752,0.000408812792016802,0,Overlapped
D045_RS020,D045,Tele02,12S,Asia,basin,3653993,81199.8444444444,71014,Osteochilus salsburyi,TRUE,0.000933499325258696,0.00112653271354618,0,Overlapped
D045_RS020,D045,Tele02,12S,Asia,basin,3653993,81199.8444444444,71014,Pseudolaubuca engraulis,FALSE,0.000318008272046498,0.000210293455339302,0,Unique to reanalyzed
D045_RS020,D045,Tele02,12S,Asia,basin,3653993,81199.8444444444,71014,Pterocryptis cochinchinensis,FALSE,0.00031882929168173,0.000372493309706053,0,Unique to reanalyzed
D045_RS020,D045,Tele02,12S,Asia,basin,3653993,81199.8444444444,71014,Carassius auratus,TRUE,0.000535578475382958,0.00127845190813581,0,Overlapped
D045_RS020,D045,Tele02,12S,Asia,basin,3653993,81199.8444444444,71014,Acanthorhodeus chankaensis,TRUE,0.00036425904483123,0.000321554292432239,0,Overlapped
D045_RS020,D045,Tele02,12S,Asia,basin,3653993,81199.8444444444,71014,Channa maculata,TRUE,0.000719213200463165,0.000801289511380882,3.01419686724472e-05,Overlapped
D045_RS020,D045,Tele02,12S,Asia,basin,3653993,81199.8444444444,71014,Toxabramis houdemeri,TRUE,0.000275588924226182,0.000203899971212167,0,Overlapped
D045_RS020,D045,Tele02,12S,Asia,basin,3653993,81199.8444444444,71014,Pseudobrama simoni,TRUE,0.000215380817642508,0.000401246090479405,0,Overlapped
D045_RS020,D045,Tele02,12S,Asia,basin,3653993,81199.8444444444,71014,Coilia grayii,FALSE,0.0008084306674917,0.00079780588478848,4.31685732786531e-05,Unique to reanalyzed
D045_RS020,D045,Tele02,12S,Asia,basin,3653993,81199.8444444444,71014,Schistura fasciolata,FALSE,0.00027613627064967,0.000235084408929716,0,Unique to reanalyzed
D045_RS020,D045,Tele02,12S,Asia,basin,3653993,81199.8444444444,71014,Acrossocheilus fasciatus,FALSE,0.000154625364635345,9.11164346635469e-05,0,Unique to reanalyzed
D045_RS020,D045,Tele02,12S,Asia,basin,3653993,81199.8444444444,71014,Barbodes semifasciolatus,TRUE,0.000323481736281378,0.000288192608915906,0,Overlapped
D045_RS020,D045,Tele02,12S,Asia,basin,3653993,81199.8444444444,71014,Megalobrama amblycephala,FALSE,0.000181445339386255,0.000345004883125551,0,Unique to reanalyzed
D045_RS020,D045,Tele02,12S,Asia,basin,3653993,81199.8444444444,71014,Acrossocheilus wenchowensis,FALSE,0.000121784579226069,4.06463407560859e-05,0,Unique to reanalyzed
D045_RS020,D045,Tele02,12S,Asia,basin,3653993,81199.8444444444,71014,Clarias batrachus,FALSE,0.00144061578662028,0.00218386485102147,0,Unique to reanalyzed
D045_RS020,D045,Tele02,12S,Asia,basin,3653993,81199.8444444444,71014,Pseudobagrus vachellii,FALSE,0.000118226827473397,0.000317224395695324,0,Unique to reanalyzed
D045_RS020,D045,Tele02,12S,Asia,basin,3653993,81199.8444444444,71014,Anabas testudineus,TRUE,0.00104625268849721,0.00105254325165037,0,Overlapped
D045_RS020,D045,Tele02,12S,Asia,basin,3653993,81199.8444444444,71014,Sineleotris chalmersi,FALSE,0.000173235143033936,0.000243028647611417,0,Unique to reanalyzed
D045_RS020,D045,Tele02,12S,Asia,basin,3653993,81199.8444444444,71014,Yaoshania pachychilus,FALSE,0.000106185206156662,9.40653948443436e-05,0,Unique to reanalyzed
D045_RS020,D045,Tele02,12S,Asia,basin,3653993,81199.8444444444,71014,Pseudogastromyzon myersi,TRUE,0.000289272584813381,0.0003920645582608,0,Overlapped
D045_RS020,D045,Tele02,12S,Asia,basin,3653993,81199.8444444444,71014,Tachysurus fulvidraco,FALSE,0.000214559798007276,0.000574523011561779,0,Unique to reanalyzed
D045_RS020,D045,Tele02,12S,Asia,basin,3653993,81199.8444444444,71014,Monopterus albus,FALSE,0.000185276764350671,0.000161263152637726,0,Unique to reanalyzed
D045_RS020,D045,Tele02,12S,Asia,basin,3653993,81199.8444444444,71014,Squalidus wolterstorffi,FALSE,9.49646044751591e-05,7.48368201468484e-05,0,Unique to reanalyzed
D045_RS020,D045,Tele02,12S,Asia,basin,3653993,81199.8444444444,71014,Beaufortia kweichowensis,FALSE,8.4838695640632e-05,8.3495467171135e-05,0,Unique to reanalyzed
D045_RS020,D045,Tele02,12S,Asia,basin,3653993,81199.8444444444,71014,Clupanodon thrissa,TRUE,0.000124794984555252,0.000146059920891151,0,Overlapped
D045_RS020,D045,Tele02,12S,Asia,basin,3653993,81199.8444444444,71014,Anabarilius brevianalis,FALSE,7.00603422064574e-05,0.000103532654608397,0,Unique to reanalyzed
D045_RS020,D045,Tele02,12S,Asia,basin,3653993,81199.8444444444,71014,Paramisgurnus dabryanus,TRUE,0.00019211859464427,0.000342474670139509,0,Overlapped
D045_RS020,D045,Tele02,12S,Asia,basin,3653993,81199.8444444444,71014,Vanmanenia hainanensis,FALSE,0.000100164395498295,0.00011089632827015,0,Unique to reanalyzed
D045_RS020,D045,Tele02,12S,Asia,basin,3653993,81199.8444444444,71014,Metzia lineata,FALSE,5.63766816192587e-05,4.35844372537425e-05,0,Unique to reanalyzed
D045_RS020,D045,Tele02,12S,Asia,basin,3653993,81199.8444444444,71014,Acheilognathus tonkinensis,FALSE,0.000248768949475273,0.000274419011962892,1.18141864751193e-05,Unique to reanalyzed
D045_RS020,D045,Tele02,12S,Asia,basin,3653993,81199.8444444444,71014,Parapocryptes serperaster,FALSE,3.69458835854365e-05,8.1822634814407e-05,0,Unique to reanalyzed
D045_RS020,D045,Tele02,12S,Asia,basin,3653993,81199.8444444444,71014,Lateolabrax japonicus,FALSE,3.36618050445088e-05,8.61516479129238e-05,0,Unique to reanalyzed
D045_RS020,D045,Tele02,12S,Asia,basin,3653993,81199.8444444444,71014,Microphysogobio kiatingensis,FALSE,3.50301711032287e-05,6.37008932348517e-05,0,Unique to reanalyzed
D045_RS020,D045,Tele02,12S,Asia,basin,3653993,81199.8444444444,71014,Sarcocheilichthys nigripinnis,FALSE,0.00013218416127234,0.000124586346113681,0,Unique to reanalyzed
D045_RS020,D045,Tele02,12S,Asia,basin,3653993,81199.8444444444,71014,Boleophthalmus pectinirostris,FALSE,2.59989551156776e-05,6.65398906644533e-05,0,Unique to reanalyzed
D045_RS020,D045,Tele02,12S,Asia,basin,3653993,81199.8444444444,71014,Elopichthys bambusa,FALSE,2.59989551156776e-05,4.61646864445902e-05,0,Unique to reanalyzed
D045_RS020,D045,Tele02,12S,Asia,basin,3653993,81199.8444444444,71014,Pseudohemiculter dispar,FALSE,4.2145674608572e-05,3.38540113127565e-05,0,Unique to reanalyzed
D045_RS020,D045,Tele02,12S,Asia,basin,3653993,81199.8444444444,71014,Takifugu ocellatus,FALSE,2.134651051603e-05,1.8706381754083e-05,0,Unique to reanalyzed
D045_RS020,D045,Tele02,12S,Asia,basin,3653993,81199.8444444444,71014,Toxabramis swinhonis,FALSE,0.000115216422144213,0.000140645683264741,0,Unique to reanalyzed
D045_RS020,D045,Tele02,12S,Asia,basin,3653993,81199.8444444444,71014,Planiliza haematocheilus,FALSE,2.43569158452137e-05,0.000107925592648924,0,Unique to reanalyzed
D045_RS020,D045,Tele02,12S,Asia,basin,3653993,81199.8444444444,71014,Hemibarbus maculatus,FALSE,1.86097783985903e-05,2.06025019920802e-05,0,Unique to reanalyzed
D045_RS020,D045,Tele02,12S,Asia,basin,3653993,81199.8444444444,71014,Micropercops swinhonis,FALSE,6.67762636655297e-05,5.83923686839122e-05,0,Unique to reanalyzed
D045_RS020,D045,Tele02,12S,Asia,basin,3653993,81199.8444444444,71014,Channa gachua,FALSE,2.0799164092542e-05,2.90104020229655e-05,0,Unique to reanalyzed
D045_RS020,D045,Tele02,12S,Asia,basin,3653993,81199.8444444444,71014,Mugil cephalus,TRUE,3.80405764324124e-05,8.12809459178939e-05,0,Overlapped
D045_RS020,D045,Tele02,12S,Asia,basin,3653993,81199.8444444444,71014,Hemibagrus macropterus,FALSE,1.50520266459186e-05,1.13916833795327e-05,0,Unique to reanalyzed
D045_RS020,D045,Tele02,12S,Asia,basin,3653993,81199.8444444444,71014,Bangana dero,FALSE,1.39573337989427e-05,3.82528894484525e-05,0,Unique to reanalyzed
D045_RS020,D045,Tele02,12S,Asia,basin,3653993,81199.8444444444,71014,Luciocyprinus striolatus,FALSE,9.30488919929513e-06,2.95728034582784e-05,0,Unique to reanalyzed
D045_RS020,D045,Tele02,12S,Asia,basin,3653993,81199.8444444444,71014,Glossogobius giuris,TRUE,3.09250729270691e-05,3.29761047316164e-05,0,Overlapped
D045_RS020,D045,Tele02,12S,Asia,basin,3653993,81199.8444444444,71014,Eleotris fusca,FALSE,8.4838695640632e-06,7.6222229598567e-06,0,Unique to reanalyzed
D045_RS020,D045,Tele02,12S,Asia,basin,3653993,81199.8444444444,71014,Pseudogastromyzon fasciatus,TRUE,1.34099873754547e-05,1.45445315409334e-05,0,Overlapped
D045_RS020,D045,Tele02,12S,Asia,basin,3653993,81199.8444444444,71014,Glossogobius olivaceus,TRUE,3.61248639502046e-05,6.98369192289051e-05,0,Overlapped
D045_RS020,D045,Tele02,12S,Asia,basin,3653993,81199.8444444444,71014,Bangana rendahli,FALSE,8.21019635231923e-06,1.59142951583519e-05,0,Unique to reanalyzed
D045_RS020,D045,Tele02,12S,Asia,basin,3653993,81199.8444444444,71014,Xenocypris davidi,FALSE,4.37877138790359e-06,1.97493559858447e-06,0,Unique to reanalyzed
D045_RS020,D045,Tele02,12S,Asia,basin,3653993,81199.8444444444,71014,Hemiculterella sauvagei,FALSE,1.12206016815029e-05,1.88380593756001e-05,0,Unique to reanalyzed
D045_RS020,D045,Tele02,12S,Asia,basin,3653993,81199.8444444444,71014,Acheilognathus tabira,FALSE,4.10509817615961e-06,5.19502109178563e-06,0,Unique to reanalyzed
D045_RS020,D045,Tele02,12S,Asia,basin,3653993,81199.8444444444,71014,Onychostoma macrolepis,FALSE,3.55775175267167e-06,1.59459114682995e-06,0,Unique to reanalyzed
D045_RS020,D045,Tele02,12S,Asia,basin,3653993,81199.8444444444,71014,Pelteobagrus intermedius,FALSE,4.37877138790359e-06,3.21379998292794e-06,0,Unique to reanalyzed
D045_RS020,D045,Tele02,12S,Asia,basin,3653993,81199.8444444444,71014,Vanmanenia stenosoma,FALSE,4.37877138790359e-06,7.63509796421108e-06,0,Unique to reanalyzed
D045_RS020,D045,Tele02,12S,Asia,basin,3653993,81199.8444444444,71014,Coreius heterodon,FALSE,3.01040532918372e-06,2.37234876546205e-06,0,Unique to reanalyzed
D045_RS020,D045,Tele02,12S,Asia,basin,3653993,81199.8444444444,71014,Bostrychus sinensis,FALSE,4.65244459964756e-06,4.53764732739326e-06,0,Unique to reanalyzed
D045_RS020,D045,Tele02,12S,Asia,basin,3653993,81199.8444444444,71014,Garra imberba,FALSE,3.01040532918372e-06,3.33275767518944e-06,0,Unique to reanalyzed
D045_RS020,D045,Tele02,12S,Asia,basin,3653993,81199.8444444444,71014,Hyporhamphus intermedius,FALSE,3.01040532918372e-06,5.34538474621571e-06,0,Unique to reanalyzed
D045_RS020,D045,Tele02,12S,Asia,basin,3653993,81199.8444444444,71014,Hemibarbus labeo,FALSE,2.73673211743974e-06,8.75124924082913e-07,0,Unique to reanalyzed
D045_RS020,D045,Tele02,12S,Asia,basin,3653993,81199.8444444444,71014,Anabarilius liui,FALSE,2.73673211743974e-06,2.03539345682065e-06,0,Unique to reanalyzed
D045_RS020,D045,Tele02,12S,Asia,basin,3653993,81199.8444444444,71014,Rhynchopelates oxyrhynchus,FALSE,3.83142496441564e-06,3.75334182544508e-06,0,Unique to reanalyzed
D045_RS020,D045,Tele02,12S,Asia,basin,3653993,81199.8444444444,71014,Salanx cuvieri,FALSE,2.18938569395179e-06,5.6033592138487e-06,0,Unique to reanalyzed
D045_RS020,D045,Tele02,12S,Asia,basin,3653993,81199.8444444444,71014,Hemiculter bleekeri,FALSE,1.91571248220782e-06,1.6787778497254e-06,0,Unique to reanalyzed
D045_RS020,D045,Tele02,12S,Asia,basin,3653993,81199.8444444444,71014,Garra orientalis,FALSE,1.36836605871987e-06,1.79797260608937e-06,0,Unique to reanalyzed
D045_RS020,D045,Tele02,12S,Asia,basin,3653993,81199.8444444444,71014,Acheilognathus omeiensis,FALSE,2.46305890569577e-06,3.41498389416664e-06,0,Unique to reanalyzed
D045_RS020,D045,Tele02,12S,Asia,basin,3653993,81199.8444444444,71014,Acentrogobius chlorostigmatoides,FALSE,1.36836605871987e-06,1.26678650467001e-06,0,Unique to reanalyzed
D045_RS020,D045,Tele02,12S,Asia,basin,3653993,81199.8444444444,71014,Aphyocypris normalis,FALSE,1.36836605871987e-06,4.37562462041456e-07,0,Unique to reanalyzed
D045_RS020,D045,Tele02,12S,Asia,basin,3653993,81199.8444444444,71014,Sarcocheilichthys davidi,FALSE,1.0946928469759e-06,3.50049969633165e-07,0,Unique to reanalyzed
D045_RS020,D045,Tele02,12S,Asia,basin,3653993,81199.8444444444,71014,Labiobarbus lineatus,FALSE,1.0946928469759e-06,9.59301628414514e-07,0,Unique to reanalyzed
D045_RS020,D045,Tele02,12S,Asia,basin,3653993,81199.8444444444,71014,Odontobutis sinensis,FALSE,8.21019635231923e-07,9.38782024201801e-07,0,Unique to reanalyzed
D045_RS020,D045,Tele02,12S,Asia,basin,3653993,81199.8444444444,71014,Acanthopagrus latus,FALSE,8.21019635231923e-07,2.10125970519326e-06,0,Unique to reanalyzed
D045_RS020,D045,Tele02,12S,Asia,basin,3653993,81199.8444444444,71014,Oryzias sinensis,FALSE,5.47346423487949e-07,1.54567866886153e-06,0,Unique to reanalyzed
D045_RS020,D045,Tele02,12S,Asia,basin,3653993,81199.8444444444,71014,Bahaba taipingensis,FALSE,5.47346423487949e-07,6.92669478904751e-07,0,Unique to reanalyzed
D049_RS021,D049,Tele02,12S,Europe,basin,371996,17714.0952380952,10,Cyprinus carpio,TRUE,0.977010505489306,0.957417768474906,1,Overlapped
D049_RS021,D049,Tele02,12S,Europe,basin,371996,17714.0952380952,10,Anguilla anguilla,FALSE,0.0229894945106937,0.042582231525094,0,Unique to reanalyzed
D051_RS022,D051,Tele02,12S,Europe,basin,1091430,54571.5,54119,Abramis brama,TRUE,0.159277278432882,0.183373351260995,0.105728538484079,Overlapped
D051_RS022,D051,Tele02,12S,Europe,basin,1091430,54571.5,54119,Squalius cephalus,TRUE,0.144820098403013,0.150096659851922,0.157853420393441,Overlapped
D051_RS022,D051,Tele02,12S,Europe,basin,1091430,54571.5,54119,Alburnus alburnus,TRUE,0.132473910374463,0.0897093994670873,0.0287779413147509,Overlapped
D051_RS022,D051,Tele02,12S,Europe,basin,1091430,54571.5,54119,Anguilla anguilla,TRUE,0.0701538348771795,0.0746797047789639,0.0362723331088137,Overlapped
D051_RS022,D051,Tele02,12S,Europe,basin,1091430,54571.5,54119,Esox lucius,FALSE,0.0825779023849445,0.0661921844881385,0.0218733372156302,Unique to reanalyzed
D051_RS022,D051,Tele02,12S,Europe,basin,1091430,54571.5,54119,Leuciscus leuciscus,TRUE,0.11363715492519,0.124437670967012,0.112192012034573,Overlapped
D051_RS022,D051,Tele02,12S,Europe,basin,1091430,54571.5,54119,Gobio gobio,TRUE,0.0642872195193462,0.0641460061564445,0.0520262637535502,Overlapped
D051_RS022,D051,Tele02,12S,Europe,basin,1091430,54571.5,54119,Gasterosteus aculeatus,TRUE,0.0647517477071365,0.0620304289289732,0.0530794374686877,Overlapped
D051_RS022,D051,Tele02,12S,Europe,basin,1091430,54571.5,54119,Perca fluviatilis,TRUE,0.0382681436280843,0.0448235141581598,0.0263077719758762,Overlapped
D051_RS022,D051,Tele02,12S,Europe,basin,1091430,54571.5,54119,Rutilus rutilus,TRUE,0.0441943138817881,0.0539795199671308,0.0342560568650473,Overlapped
D051_RS022,D051,Tele02,12S,Europe,basin,1091430,54571.5,54119,Cyprinus carpio,TRUE,0.0354232520638062,0.0339116992129568,0.015196269612722,Overlapped
D051_RS022,D051,Tele02,12S,Europe,basin,1091430,54571.5,54119,Silurus glanis,TRUE,0.0183630649698102,0.0202161502344321,0.0135431135790345,Overlapped
D051_RS022,D051,Tele02,12S,Europe,basin,1091430,54571.5,54119,Barbus barbus,TRUE,0.0096423957560265,0.0104165878437613,0.00922118388358593,Overlapped
D051_RS022,D051,Tele02,12S,Europe,basin,1091430,54571.5,54119,Sander lucioperca,TRUE,0.00612590821216203,0.00689675631194039,0.00118661677929451,Overlapped
D051_RS022,D051,Tele02,12S,Europe,basin,1091430,54571.5,54119,Pungitius pungitius,TRUE,0.00586386667033158,0.00551341607893957,0.0039445489710927,Overlapped
D051_RS022,D051,Tele02,12S,Europe,basin,1091430,54571.5,54119,Salmo trutta,TRUE,0.00318023143948764,0.0031523315129617,0.00015118721751862,Overlapped
D051_RS022,D051,Tele02,12S,Europe,basin,1091430,54571.5,54119,Lota lota,TRUE,0.00241518008484282,0.00217774300014668,0,Overlapped
D051_RS022,D051,Tele02,12S,Europe,basin,1091430,54571.5,54119,Gymnocephalus cernua,TRUE,0.00187368864700439,0.00168934822679413,0,Overlapped
D051_RS022,D051,Tele02,12S,Europe,basin,1091430,54571.5,54119,Vimba vimba,TRUE,0.000938218667253053,0.00087039977526309,0,Overlapped
D051_RS022,D051,Tele02,12S,Europe,basin,1091430,54571.5,54119,Ctenopharyngodon idella,TRUE,0.000282198583509707,0.000373320648507082,0,Overlapped
D051_RS022,D051,Tele02,12S,Europe,basin,1091430,54571.5,54119,Carassius auratus,FALSE,0.000514004562821253,0.000479725240880393,0,Unique to reanalyzed
D051_RS022,D051,Tele02,12S,Europe,basin,1091430,54571.5,54119,Thymallus thymallus,TRUE,0.000317931521032041,0.000284245274971536,0,Overlapped
D051_RS022,D051,Tele02,12S,Europe,basin,1091430,54571.5,54119,Phoxinus phoxinus,FALSE,0.000164921250103076,0.000137612742496273,0,Unique to reanalyzed
D051_RS022,D051,Tele02,12S,Europe,basin,1091430,54571.5,54119,Barbatula barbatula,TRUE,0.000141099291754854,0.000136294916537439,0,Overlapped
D051_RS022,D051,Tele02,12S,Europe,basin,1091430,54571.5,54119,Scardinius erythrophthalmus,FALSE,0.000134685687584179,0.00011308736191033,0,Unique to reanalyzed
D051_RS022,D051,Tele02,12S,Europe,basin,1091430,54571.5,54119,Oncorhynchus mykiss,TRUE,6.87171875429482e-05,6.44976232997813e-05,0,Overlapped
D051_RS022,D051,Tele02,12S,Europe,basin,1091430,54571.5,54119,Lepomis gibbosus,FALSE,6.04711250377945e-05,5.94819661493538e-05,0,Unique to reanalyzed
D051_RS022,D051,Tele02,12S,Europe,basin,1091430,54571.5,54119,Salvelinus fontinalis,FALSE,4.85601458636834e-05,3.88620032262795e-05,0,Unique to reanalyzed
D056_RS023,D056,Tele02,12S,Africa,basin,8707,791.545454545455,6,Oreochromis niloticus,TRUE,0.988974388423108,0.961569885483611,0.999073502161828,Overlapped
D056_RS023,D056,Tele02,12S,Africa,basin,8707,791.545454545455,6,Anguilla mossambica,TRUE,0.0110256115768922,0.0384301145163892,0.000926497838171711,Overlapped
D009_RS024,D009,Riaz01,12S,North_America,basin,74513,8279.22222222222,5790,Lepomis macrochirus,TRUE,0.456470682968073,0.554331159496187,0.832952252858104,Overlapped
D009_RS024,D009,Riaz01,12S,North_America,basin,74513,8279.22222222222,5790,Etheostoma flabellare,TRUE,0.37589413927771,0.104212979880883,0,Overlapped
D009_RS024,D009,Riaz01,12S,North_America,basin,74513,8279.22222222222,5790,Moxostoma duquesnei,FALSE,0.0392414746420088,0.0407550892201197,0,Unique to reanalyzed
D009_RS024,D009,Riaz01,12S,North_America,basin,74513,8279.22222222222,5790,Pimephales promelas,TRUE,0.0204662273697207,0.0229422520285704,0,Overlapped
D009_RS024,D009,Riaz01,12S,North_America,basin,74513,8279.22222222222,5790,Perca flavescens,FALSE,0.0212177740796908,0.0222213035866239,0,Unique to reanalyzed
D009_RS024,D009,Riaz01,12S,North_America,basin,74513,8279.22222222222,5790,Fundulus diaphanus,TRUE,0.00919302672016963,0.00436561755326742,0,Overlapped
D009_RS024,D009,Riaz01,12S,North_America,basin,74513,8279.22222222222,5790,Esox lucius,TRUE,0.00785097902379451,0.00754098360158831,0,Overlapped
D009_RS024,D009,Riaz01,12S,North_America,basin,74513,8279.22222222222,5790,Dorosoma cepedianum,TRUE,0.00775703568504825,0.0607857403115351,0,Overlapped
D009_RS024,D009,Riaz01,12S,North_America,basin,74513,8279.22222222222,5790,Cottus cognatus,FALSE,0.00846832096412706,0.00885666296069831,0,Unique to reanalyzed
D009_RS024,D009,Riaz01,12S,North_America,basin,74513,8279.22222222222,5790,Ameiurus natalis,TRUE,0.00657603371223813,0.00649566924981619,0,Overlapped
D009_RS024,D009,Riaz01,12S,North_America,basin,74513,8279.22222222222,5790,Micropterus salmoides,TRUE,0.00970300484479218,0.00775960653747322,0,Overlapped
D009_RS024,D009,Riaz01,12S,North_America,basin,74513,8279.22222222222,5790,Thoburnia rhothoeca,FALSE,0.00344906257968408,0.0235243727016687,0,Unique to reanalyzed
D009_RS024,D009,Riaz01,12S,North_America,basin,74513,8279.22222222222,5790,Ameiurus melas,FALSE,0.00436165501321917,0.00739954127774652,0,Unique to reanalyzed
D009_RS024,D009,Riaz01,12S,North_America,basin,74513,8279.22222222222,5790,Hiodon tergisus,FALSE,0.00288540254720653,0.0188398177357168,0,Unique to reanalyzed
D009_RS024,D009,Riaz01,12S,North_America,basin,74513,8279.22222222222,5790,Percina macrocephala,FALSE,0.00320749399433656,0.00339224018712864,0,Unique to reanalyzed
D009_RS024,D009,Riaz01,12S,North_America,basin,74513,8279.22222222222,5790,Notropis atherinoides,FALSE,0.00450928025982043,0.0297059352395867,0,Unique to reanalyzed
D009_RS024,D009,Riaz01,12S,North_America,basin,74513,8279.22222222222,5790,Etheostoma cragini,FALSE,0.00179834391314267,0.00191348280246344,0,Unique to reanalyzed
D009_RS024,D009,Riaz01,12S,North_America,basin,74513,8279.22222222222,5790,Ictalurus punctatus,TRUE,0.00293908445506153,0.00951777221706505,0,Overlapped
D009_RS024,D009,Riaz01,12S,North_America,basin,74513,8279.22222222222,5790,Carpiodes cyprinus,FALSE,0.00146283198904889,0.0105310748011458,0,Unique to reanalyzed
D009_RS024,D009,Riaz01,12S,North_America,basin,74513,8279.22222222222,5790,Cyprinella whipplei,FALSE,0.0015433548508314,0.0100771118121276,0,Unique to reanalyzed
D009_RS024,D009,Riaz01,12S,North_America,basin,74513,8279.22222222222,5790,Ctenopharyngodon idella,FALSE,0.00173124152832392,0.00648624781778783,0,Unique to reanalyzed
D009_RS024,D009,Riaz01,12S,North_America,basin,74513,8279.22222222222,5790,Notropis blennius,FALSE,0.00138230912726638,0.00902558710129688,0,Unique to reanalyzed
D009_RS024,D009,Riaz01,12S,North_America,basin,74513,8279.22222222222,5790,Percopsis omiscomaycus,TRUE,0.000805228617825078,0.000895575855274942,0,Overlapped
D009_RS024,D009,Riaz01,12S,North_America,basin,74513,8279.22222222222,5790,Luxilus pilsbryi,FALSE,0.000791808140861326,0.000369493605881837,0,Unique to reanalyzed
D009_RS024,D009,Riaz01,12S,North_America,basin,74513,8279.22222222222,5790,Notropis hudsonius,FALSE,0.000684444325151316,0.00343434343434343,0,Unique to reanalyzed
D009_RS024,D009,Riaz01,12S,North_America,basin,74513,8279.22222222222,5790,Sander vitreus,FALSE,0.000979694818353844,0.00307154199417927,0,Unique to reanalyzed
D009_RS024,D009,Riaz01,12S,North_America,basin,74513,8279.22222222222,5790,Hypophthalmichthys molitrix,FALSE,0.0005233986015863,0.000134969579933138,0,Unique to reanalyzed
D009_RS024,D009,Riaz01,12S,North_America,basin,74513,8279.22222222222,5790,Cyprinus carpio,TRUE,0.000657603371223813,0.00270598890300558,0,Overlapped
D009_RS024,D009,Riaz01,12S,North_America,basin,74513,8279.22222222222,5790,Notropis texanus,FALSE,0.000348932401057534,0.00227830354013319,0,Unique to reanalyzed
D009_RS024,D009,Riaz01,12S,North_America,basin,74513,8279.22222222222,5790,Amia calva,FALSE,0.000335511924093782,0.00280300482116829,0,Unique to reanalyzed
D009_RS024,D009,Riaz01,12S,North_America,basin,74513,8279.22222222222,5790,Notropis heterolepis,FALSE,0.000509978124622549,0.0042605673281758,0,Unique to reanalyzed
D009_RS024,D009,Riaz01,12S,North_America,basin,74513,8279.22222222222,5790,Umbra limi,FALSE,0.00041603478587629,0.000746076601056979,0,Unique to reanalyzed
D009_RS024,D009,Riaz01,12S,North_America,basin,74513,8279.22222222222,5790,Lepomis cyanellus,TRUE,0.000281830016238777,0.000131514673279976,0,Overlapped
D009_RS024,D009,Riaz01,12S,North_America,basin,74513,8279.22222222222,5790,Aplodinotus grunniens,TRUE,0.000281830016238777,0.00235452404978137,0,Overlapped
D009_RS024,D009,Riaz01,12S,North_America,basin,74513,8279.22222222222,5790,Notemigonus crysoleucas,FALSE,0.000254989062311275,0.000283942314877083,0,Unique to reanalyzed
D009_RS024,D009,Riaz01,12S,North_America,basin,74513,8279.22222222222,5790,Pimephales notatus,FALSE,0.000174466200528767,8.14138453637946e-05,0,Unique to reanalyzed
D009_RS024,D009,Riaz01,12S,North_America,basin,74513,8279.22222222222,5790,Catostomus catostomus,FALSE,0.000322091447130031,0.00269088462832156,0,Unique to reanalyzed
D009_RS024,D009,Riaz01,12S,North_America,basin,74513,8279.22222222222,5790,Etheostoma asprigene,FALSE,0.000161045723565016,0.0010515247108307,0,Unique to reanalyzed
D009_RS024,D009,Riaz01,12S,North_America,basin,74513,8279.22222222222,5790,Pylodictis olivaris,TRUE,0.000228148108383772,0.00166111194228604,0,Overlapped
D009_RS024,D009,Riaz01,12S,North_America,basin,74513,8279.22222222222,5790,Pomoxis nigromaculatus,TRUE,6.71023848187565e-05,9.59508731529457e-05,0,Overlapped
D009_RS024,D009,Riaz01,12S,North_America,basin,74513,8279.22222222222,5790,Luxilus cornutus,FALSE,4.02614308912539e-05,4.47787927637471e-05,0,Unique to reanalyzed
D009_RS024,D009,Riaz01,12S,North_America,basin,74513,8279.22222222222,5790,Lepisosteus oculatus,FALSE,2.68409539275026e-05,0.000224240385693463,0,Unique to reanalyzed
D010_RS025,D010,Riaz01,12S,Europe,basin,643197,35733.1666666667,36087.5,Phoxinus phoxinus,TRUE,0.561224632577577,0.566601309637548,0.563398328012914,Overlapped
D010_RS025,D010,Riaz01,12S,Europe,basin,643197,35733.1666666667,36087.5,Cottus gobio,TRUE,0.254705789983473,0.250178986833932,0.254539727887686,Overlapped
D010_RS025,D010,Riaz01,12S,Europe,basin,643197,35733.1666666667,36087.5,Salmo trutta,TRUE,0.109921221647489,0.108340373135784,0.0987280151804559,Overlapped
D010_RS025,D010,Riaz01,12S,Europe,basin,643197,35733.1666666667,36087.5,Salmo salar,TRUE,0.0613264676296687,0.0616491235166207,0.0582169999086865,Overlapped
D010_RS025,D010,Riaz01,12S,Europe,basin,643197,35733.1666666667,36087.5,Gasterosteus aculeatus,TRUE,0.0128218881617918,0.0132302068761145,0.00901036100451786,Overlapped
D011_RS026,D011,Riaz01,12S,Europe,basin,4523847,266108.647058824,176908,Rutilus rutilus,TRUE,0.516715750996884,0.427389390736525,0.517491462951921,Overlapped
D011_RS026,D011,Riaz01,12S,Europe,basin,4523847,266108.647058824,176908,Perca fluviatilis,TRUE,0.269610577015536,0.314926423560896,0.26735324407827,Overlapped
D011_RS026,D011,Riaz01,12S,Europe,basin,4523847,266108.647058824,176908,Abramis brama,TRUE,0.148762325516314,0.169536388369586,0.114996982770267,Overlapped
D011_RS026,D011,Riaz01,12S,Europe,basin,4523847,266108.647058824,176908,Tinca tinca,TRUE,0.0366780750984726,0.0598323121556432,0.032023667328487,Overlapped
D011_RS026,D011,Riaz01,12S,Europe,basin,4523847,266108.647058824,176908,Cobitis taenia,TRUE,0.00972446680889075,0.0109467801322439,0.00291614721665131,Overlapped
D011_RS026,D011,Riaz01,12S,Europe,basin,4523847,266108.647058824,176908,Squalius cephalus,TRUE,0.00728782383665937,0.00437505803332008,0,Overlapped
D011_RS026,D011,Riaz01,12S,Europe,basin,4523847,266108.647058824,176908,Gasterosteus aculeatus,TRUE,0.00504393716233109,0.00611694871570571,0,Overlapped
D011_RS026,D011,Riaz01,12S,Europe,basin,4523847,266108.647058824,176908,Leuciscus leuciscus,TRUE,0.00101108636078983,0.000467697990911862,0,Overlapped
D011_RS026,D011,Riaz01,12S,Europe,basin,4523847,266108.647058824,176908,Cottus gobio,TRUE,0.000952286847897376,0.000644948341653578,0,Overlapped
D011_RS026,D011,Riaz01,12S,Europe,basin,4523847,266108.647058824,176908,Esox lucius,TRUE,0.00299346993830693,0.00279303226505261,0.00196710896073113,Overlapped
D011_RS026,D011,Riaz01,12S,Europe,basin,4523847,266108.647058824,176908,Pungitius pungitius,TRUE,0.000472606611143127,0.00116443753706443,0,Overlapped
D011_RS026,D011,Riaz01,12S,Europe,basin,4523847,266108.647058824,176908,Osmerus eperlanus,TRUE,0.000284050278446641,0.000819429077935039,0,Overlapped
D011_RS026,D011,Riaz01,12S,Europe,basin,4523847,266108.647058824,176908,Cyprinus carpio,TRUE,0.000331797251321718,0.000806308066901982,0,Overlapped
D011_RS026,D011,Riaz01,12S,Europe,basin,4523847,266108.647058824,176908,Salmo trutta,FALSE,6.67573417049692e-05,0.000160000593379684,0,Unique to reanalyzed
D011_RS026,D011,Riaz01,12S,Europe,basin,4523847,266108.647058824,176908,Gobio gobio,FALSE,6.49889353021886e-05,2.0844423180927e-05,0,Unique to reanalyzed
D020_RS027,D020,Riaz03,12S,North_America,basin,2484794,34511.0277777778,2135.5,Moxostoma anisurum,TRUE,0.272319556470275,0.26111005652562,0.278599827847686,Overlapped
D020_RS027,D020,Riaz03,12S,North_America,basin,2484794,34511.0277777778,2135.5,Luxilus cornutus,FALSE,0.122813802673381,0.0879798286600769,0.0550161812297735,Unique to reanalyzed
D020_RS027,D020,Riaz03,12S,North_America,basin,2484794,34511.0277777778,2135.5,Semotilus atromaculatus,TRUE,0.118661748217357,0.211105050028607,0.143984332869753,Overlapped
D020_RS027,D020,Riaz03,12S,North_America,basin,2484794,34511.0277777778,2135.5,Micropterus dolomieu,TRUE,0.0881324568555784,0.0692051654323222,0.0514296062295016,Overlapped
D020_RS027,D020,Riaz03,12S,North_America,basin,2484794,34511.0277777778,2135.5,Ambloplites rupestris,TRUE,0.0779795025261651,0.0616489454506304,0.0532307428277223,Overlapped
D020_RS027,D020,Riaz03,12S,North_America,basin,2484794,34511.0277777778,2135.5,Etheostoma flabellare,TRUE,0.0535625890918925,0.05609985392003,0.0205862480412875,Overlapped
D020_RS027,D020,Riaz03,12S,North_America,basin,2484794,34511.0277777778,2135.5,Sander vitreus,TRUE,0.0419298340224582,0.0305847571516294,0,Overlapped
D020_RS027,D020,Riaz03,12S,North_America,basin,2484794,34511.0277777778,2135.5,Moxostoma duquesnei,FALSE,0.0467153413924857,0.0233387500349558,0,Unique to reanalyzed
D020_RS027,D020,Riaz03,12S,North_America,basin,2484794,34511.0277777778,2135.5,Ictalurus punctatus,TRUE,0.0282148137833559,0.0106636524838871,0,Overlapped
D020_RS027,D020,Riaz03,12S,North_America,basin,2484794,34511.0277777778,2135.5,Lepomis gibbosus,TRUE,0.0291959816387193,0.0175620277061843,0,Overlapped
D020_RS027,D020,Riaz03,12S,North_America,basin,2484794,34511.0277777778,2135.5,Etheostoma olmstedi,TRUE,0.0484981853626498,0.0340652194181261,0,Overlapped
D020_RS027,D020,Riaz03,12S,North_America,basin,2484794,34511.0277777778,2135.5,Rhinichthys cataractae,TRUE,0.0161550615463495,0.0340488178570383,0,Overlapped
D020_RS027,D020,Riaz03,12S,North_America,basin,2484794,34511.0277777778,2135.5,Cyprinus carpio,TRUE,0.00965512634045317,0.00426652507753615,0,Overlapped
D020_RS027,D020,Riaz03,12S,North_America,basin,2484794,34511.0277777778,2135.5,Ameiurus nebulosus,TRUE,0.00753020169881286,0.00717585910421831,0,Overlapped
D020_RS027,D020,Riaz03,12S,North_America,basin,2484794,34511.0277777778,2135.5,Esox lucius,TRUE,0.00645566594252884,0.00630541062993619,0,Overlapped
D020_RS027,D020,Riaz03,12S,North_America,basin,2484794,34511.0277777778,2135.5,Perca flavescens,TRUE,0.0060190100265857,0.00494151396638447,0,Overlapped
D020_RS027,D020,Riaz03,12S,North_America,basin,2484794,34511.0277777778,2135.5,Culaea inconstans,TRUE,0.00745735863818087,0.0262328349654257,0,Overlapped
D020_RS027,D020,Riaz03,12S,North_America,basin,2484794,34511.0277777778,2135.5,Micropterus salmoides,TRUE,0.00593047149985069,0.00602858703654806,0,Overlapped
D020_RS027,D020,Riaz03,12S,North_America,basin,2484794,34511.0277777778,2135.5,Notemigonus crysoleucas,TRUE,0.00359546908113912,0.00462740235764345,0,Overlapped
D020_RS027,D020,Riaz03,12S,North_America,basin,2484794,34511.0277777778,2135.5,Chrosomus eos,FALSE,0.00316324009153274,0.0078685526277651,0,Unique to reanalyzed
D020_RS027,D020,Riaz03,12S,North_America,basin,2484794,34511.0277777778,2135.5,Exoglossum maxillingua,TRUE,0.00194100597474076,0.00310303748924731,0,Overlapped
D020_RS027,D020,Riaz03,12S,North_America,basin,2484794,34511.0277777778,2135.5,Pomoxis nigromaculatus,TRUE,0.000819383820147666,0.000385467131827298,0,Overlapped
D020_RS027,D020,Riaz03,12S,North_America,basin,2484794,34511.0277777778,2135.5,Noturus gyrinus,TRUE,0.000765455808409067,0.000264261654050095,0,Overlapped
D020_RS027,D020,Riaz03,12S,North_America,basin,2484794,34511.0277777778,2135.5,Oncorhynchus tshawytscha,TRUE,0.000683356447254782,0.000553074465385779,0,Overlapped
D020_RS027,D020,Riaz03,12S,North_America,basin,2484794,34511.0277777778,2135.5,Margariscus margarita,FALSE,0.000587976307090246,0.00919882835524573,0,Unique to reanalyzed
D020_RS027,D020,Riaz03,12S,North_America,basin,2484794,34511.0277777778,2135.5,Rhinichthys atratulus,TRUE,0.000436655915943133,0.017620109195315,0,Overlapped
D020_RS027,D020,Riaz03,12S,North_America,basin,2484794,34511.0277777778,2135.5,Ameiurus melas,TRUE,0.000278493911366496,5.00584425082405e-05,0,Overlapped
D020_RS027,D020,Riaz03,12S,North_America,basin,2484794,34511.0277777778,2135.5,Umbra limi,TRUE,0.000248712770555628,0.00015140679698921,0,Overlapped
D020_RS027,D020,Riaz03,12S,North_America,basin,2484794,34511.0277777778,2135.5,Ammocrypta pellucida,TRUE,0.000187540697538709,0.000169969708188272,0,Overlapped
D020_RS027,D020,Riaz03,12S,North_America,basin,2484794,34511.0277777778,2135.5,Pimephales notatus,FALSE,5.83549380753495e-05,0.000227068436860881,0,Unique to reanalyzed
D020_RS027,D020,Riaz03,12S,North_America,basin,2484794,34511.0277777778,2135.5,Salmo trutta,FALSE,7.64650912711476e-06,0.00341790788981678,0,Unique to reanalyzed
D022_RS031,D022,Riaz01,12S,Europe,basin,2324561,10811.911627907,10699,Salmo trutta,FALSE,0.624723549952012,0.696714037092402,0.876393361406985,Unique to reanalyzed
D022_RS031,D022,Riaz01,12S,Europe,basin,2324561,10811.911627907,10699,Barbus barbus,TRUE,0.135723691484112,0.0987106514686641,0.00116550116550117,Overlapped
D022_RS031,D022,Riaz01,12S,Europe,basin,2324561,10811.911627907,10699,Cottus gobio,TRUE,0.0671984946835123,0.0728946423574317,0.000454008898574412,Overlapped
D022_RS031,D022,Riaz01,12S,Europe,basin,2324561,10811.911627907,10699,Phoxinus phoxinus,TRUE,0.0792140967692394,0.0609192399174727,0.000131792821684312,Overlapped
D022_RS031,D022,Riaz01,12S,Europe,basin,2324561,10811.911627907,10699,Squalius cephalus,FALSE,0.0590012479775751,0.0409419336342589,0,Unique to reanalyzed
D022_RS031,D022,Riaz01,12S,Europe,basin,2324561,10811.911627907,10699,Rutilus rutilus,FALSE,0.0119480624513618,0.0121428505141975,0,Unique to reanalyzed
D022_RS031,D022,Riaz01,12S,Europe,basin,2324561,10811.911627907,10699,Leuciscus aspius,FALSE,0.0070146578214123,0.00484772731559379,0,Unique to reanalyzed
D022_RS031,D022,Riaz01,12S,Europe,basin,2324561,10811.911627907,10699,Telestes souffia,FALSE,0.00479832536121874,0.00308595798302404,0,Unique to reanalyzed
D022_RS031,D022,Riaz01,12S,Europe,basin,2324561,10811.911627907,10699,Cyprinus carpio,FALSE,0.00550426510640074,0.00519352992622925,0,Unique to reanalyzed
D022_RS031,D022,Riaz01,12S,Europe,basin,2324561,10811.911627907,10699,Tinca tinca,FALSE,0.0024503551423258,0.00158804464134426,0,Unique to reanalyzed
D022_RS031,D022,Riaz01,12S,Europe,basin,2324561,10811.911627907,10699,Perca fluviatilis,TRUE,0.00154609838158689,0.00247833192884565,0,Overlapped
D022_RS031,D022,Riaz01,12S,Europe,basin,2324561,10811.911627907,10699,Gobio gobio,TRUE,0.000588068026608035,0.000297975259705831,0,Overlapped
D022_RS031,D022,Riaz01,12S,Europe,basin,2324561,10811.911627907,10699,Esox lucius,TRUE,0.000212943433190181,0.000147418462755787,0,Overlapped
D022_RS031,D022,Riaz01,12S,Europe,basin,2324561,10811.911627907,10699,Coregonus oxyrinchus,FALSE,6.28075580722554e-05,3.19051760684956e-05,0,Unique to reanalyzed
D022_RS031,D022,Riaz01,12S,Europe,basin,2324561,10811.911627907,10699,Chondrostoma nasus,FALSE,1.33358513715063e-05,5.75432200629077e-06,0,Unique to reanalyzed
D026_RS033,D026,AK12S,12S,North_America,basin,150749,21535.5714285714,8832,Salvelinus namaycush,FALSE,0.612554643811899,0.325426540563114,0.234087694483734,Unique to reanalyzed
D026_RS033,D026,AK12S,12S,North_America,basin,150749,21535.5714285714,8832,Salvelinus malma,FALSE,0.185686140538246,0.0755360544878541,0,Unique to reanalyzed
D026_RS033,D026,AK12S,12S,North_America,basin,150749,21535.5714285714,8832,Thymallus arcticus,TRUE,0.1615068756675,0.480139647349689,0.440418942049067,Overlapped
D026_RS033,D026,AK12S,12S,North_America,basin,150749,21535.5714285714,8832,Oncorhynchus kisutch,FALSE,0.0243849047091523,0.0965278118269359,0.0118355649822709,Unique to reanalyzed
D026_RS033,D026,AK12S,12S,North_America,basin,150749,21535.5714285714,8832,Cottus ricei,FALSE,0.00585741862300911,0.0119950009509061,0,Unique to reanalyzed
D026_RS033,D026,AK12S,12S,North_America,basin,150749,21535.5714285714,8832,Oncorhynchus clarkii,FALSE,0.00407299550909127,0.00165687115802881,0,Unique to reanalyzed
D026_RS033,D026,AK12S,12S,North_America,basin,150749,21535.5714285714,8832,Cottus cognatus,FALSE,0.00293865962626618,0.00601787703425979,0,Unique to reanalyzed
D026_RS033,D026,AK12S,12S,North_America,basin,150749,21535.5714285714,8832,Salvelinus confluentus,FALSE,0.00169818705265043,0.000690812730383347,0,Unique to reanalyzed
D026_RS033,D026,AK12S,12S,North_America,basin,150749,21535.5714285714,8832,Lota lota,FALSE,0.000663354317441575,0.00135843725378325,0,Unique to reanalyzed
D026_RS033,D026,AK12S,12S,North_America,basin,150749,21535.5714285714,8832,Prosopium cylindraceum,FALSE,0.000636820144743912,0.000650946645045566,0.000242863850525395,Unique to reanalyzed
D050_RS034,D050,Am12S,12S,North_America,basin,2114398,23493.3111111111,21293,Esox lucius,TRUE,0.23192558827619,0.215538540346215,0.164432584701834,Overlapped
D050_RS034,D050,Am12S,12S,North_America,basin,2114398,23493.3111111111,21293,Lepomis macrochirus,TRUE,0.225362963831786,0.163856276930574,0.024591580339703,Overlapped
D050_RS034,D050,Am12S,12S,North_America,basin,2114398,23493.3111111111,21293,Lepomis gibbosus,TRUE,0.0747650158579416,0.0587620053339374,0.00045040619997577,Overlapped
D050_RS034,D050,Am12S,12S,North_America,basin,2114398,23493.3111111111,21293,Acipenser fulvescens,TRUE,0.0943289768529861,0.0992560450806177,0.00127348367719232,Overlapped
D050_RS034,D050,Am12S,12S,North_America,basin,2114398,23493.3111111111,21293,Umbra limi,TRUE,0.0254422298923854,0.0333004732760516,0,Overlapped
D050_RS034,D050,Am12S,12S,North_America,basin,2114398,23493.3111111111,21293,Perca flavescens,TRUE,0.0512793712442028,0.0610951303984978,0.00823722978013613,Overlapped
D050_RS034,D050,Am12S,12S,North_America,basin,2114398,23493.3111111111,21293,Ameiurus melas,TRUE,0.0281749226020834,0.0266052269770776,0,Overlapped
D050_RS034,D050,Am12S,12S,North_America,basin,2114398,23493.3111111111,21293,Lota lota,TRUE,0.011573506974562,0.0116127166958242,0,Overlapped
D050_RS034,D050,Am12S,12S,North_America,basin,2114398,23493.3111111111,21293,Culaea inconstans,TRUE,0.0105505207628838,0.00849856394465268,0,Overlapped
D050_RS034,D050,Am12S,12S,North_America,basin,2114398,23493.3111111111,21293,Ameiurus natalis,TRUE,0.019204520624783,0.0185483032102642,0,Overlapped
D050_RS034,D050,Am12S,12S,North_America,basin,2114398,23493.3111111111,21293,Micropterus salmoides,TRUE,0.00871642897883937,0.0124762701020893,0,Overlapped
D050_RS034,D050,Am12S,12S,North_America,basin,2114398,23493.3111111111,21293,Catostomus commersonii,TRUE,0.00333806596487511,0.00339178555125003,0,Overlapped
D050_RS034,D050,Am12S,12S,North_America,basin,2114398,23493.3111111111,21293,Ambloplites rupestris,TRUE,0.01058646479991,0.00815617709363149,0,Overlapped
D050_RS034,D050,Am12S,12S,North_America,basin,2114398,23493.3111111111,21293,Ictalurus punctatus,TRUE,0.0485329630466923,0.0651713103711161,0.0208794439943831,Overlapped
D050_RS034,D050,Am12S,12S,North_America,basin,2114398,23493.3111111111,21293,Salvelinus fontinalis,TRUE,0.00265843989636767,0.00239397557870572,0,Overlapped
D050_RS034,D050,Am12S,12S,North_America,basin,2114398,23493.3111111111,21293,Cyprinus carpio,TRUE,0.00110527913855386,0.000810791710765619,0,Overlapped
D050_RS034,D050,Am12S,12S,North_America,basin,2114398,23493.3111111111,21293,Cottus cognatus,FALSE,0.00269580277696063,0.0014520444668154,0,Unique to reanalyzed
D050_RS034,D050,Am12S,12S,North_America,basin,2114398,23493.3111111111,21293,Dorosoma cepedianum,TRUE,0.000853670879370866,0.00100404985427313,0,Overlapped
D050_RS034,D050,Am12S,12S,North_America,basin,2114398,23493.3111111111,21293,Ameiurus nebulosus,FALSE,0.00838441958420316,0.0080199412799877,0,Unique to reanalyzed
D050_RS034,D050,Am12S,12S,North_America,basin,2114398,23493.3111111111,21293,Etheostoma nigrum,TRUE,0.00119986870967528,0.00129602615834141,0,Overlapped
D050_RS034,D050,Am12S,12S,North_America,basin,2114398,23493.3111111111,21293,Gymnocephalus cernua,TRUE,0.00272985502256434,0.0047467680025914,0,Overlapped
D050_RS034,D050,Am12S,12S,North_America,basin,2114398,23493.3111111111,21293,Lepomis cyanellus,TRUE,0.00532444695842505,0.00492675193019854,0,Overlapped
D050_RS034,D050,Am12S,12S,North_America,basin,2114398,23493.3111111111,21293,Noturus gyrinus,TRUE,0.0107680767764631,0.0108968951749806,0,Overlapped
D050_RS034,D050,Am12S,12S,North_America,basin,2114398,23493.3111111111,21293,Neogobius melanostomus,TRUE,0.0278746007137729,0.041071200876011,0.0096819775009355,Overlapped
D050_RS034,D050,Am12S,12S,North_America,basin,2114398,23493.3111111111,21293,Lepisosteus oculatus,FALSE,0.00480562316082403,0.00277886366299742,0,Unique to reanalyzed
D050_RS034,D050,Am12S,12S,North_America,basin,2114398,23493.3111111111,21293,Moxostoma anisurum,TRUE,0.0277459588970478,0.0482883713156746,0.00558580572428793,Overlapped
D050_RS034,D050,Am12S,12S,North_America,basin,2114398,23493.3111111111,21293,Osmerus mordax,TRUE,0.0189585877398673,0.0321390381148406,0,Overlapped
D050_RS034,D050,Am12S,12S,North_America,basin,2114398,23493.3111111111,21293,Aplodinotus grunniens,TRUE,0.018471451448592,0.0273713559931517,0,Overlapped
D050_RS034,D050,Am12S,12S,North_America,basin,2114398,23493.3111111111,21293,Salvelinus namaycush,TRUE,0.000930761379834828,0.000839003093631352,0,Overlapped
D050_RS034,D050,Am12S,12S,North_America,basin,2114398,23493.3111111111,21293,Percopsis omiscomaycus,TRUE,0.00423288330768379,0.00513198310153389,0,Overlapped
D050_RS034,D050,Am12S,12S,North_America,basin,2114398,23493.3111111111,21293,Cottus ricei,TRUE,0.00438706430861172,0.00444042336248618,0,Overlapped
D050_RS034,D050,Am12S,12S,North_America,basin,2114398,23493.3111111111,21293,Sander vitreus,TRUE,0.00780647730465125,0.00966509584325718,0,Overlapped
D050_RS034,D050,Am12S,12S,North_America,basin,2114398,23493.3111111111,21293,Pomoxis nigromaculatus,TRUE,0.000661654049994372,0.000745457850892848,0,Overlapped
D050_RS034,D050,Am12S,12S,North_America,basin,2114398,23493.3111111111,21293,Micropterus dolomieu,TRUE,0.00190503396238551,0.00217837929427209,0,Overlapped
D050_RS034,D050,Am12S,12S,North_America,basin,2114398,23493.3111111111,21293,Morone chrysops,TRUE,2.17556013579279e-05,1.31195759748406e-05,0,Overlapped
D050_RS034,D050,Am12S,12S,North_America,basin,2114398,23493.3111111111,21293,Catostomus catostomus,TRUE,0.00110244145142022,0.00103620724144829,0,Overlapped
D050_RS034,D050,Am12S,12S,North_America,basin,2114398,23493.3111111111,21293,Oncorhynchus tshawytscha,TRUE,0.000827658747312474,0.00177235875501426,0,Overlapped
D050_RS034,D050,Am12S,12S,North_America,basin,2114398,23493.3111111111,21293,Ictiobus niger,FALSE,9.45895711214256e-07,1.05613907239305e-06,0,Unique to reanalyzed
D050_RS034,D050,Am12S,12S,North_America,basin,2114398,23493.3111111111,21293,Carpiodes cyprinus,FALSE,0.00027005322555167,0.000178567925082086,0,Unique to reanalyzed
D050_RS034,D050,Am12S,12S,North_America,basin,2114398,23493.3111111111,21293,Notropis atherinoides,TRUE,0.000158910479483995,0.000334282038992377,0,Overlapped
D050_RS034,D050,Am12S,12S,North_America,basin,2114398,23493.3111111111,21293,Moxostoma carinatum,FALSE,0.000186341455109208,8.83221921837102e-05,0,Unique to reanalyzed
D050_RS034,D050,Am12S,12S,North_America,basin,2114398,23493.3111111111,21293,Notemigonus crysoleucas,TRUE,5.67537426728553e-06,1.95761757940586e-06,0,Overlapped
D050_RS034,D050,Am12S,12S,North_America,basin,2114398,23493.3111111111,21293,Alosa pseudoharengus,TRUE,9.9791997533104e-05,5.7245764170282e-05,0,Overlapped
D050_RS034,D050,Am12S,12S,North_America,basin,2114398,23493.3111111111,21293,Notropis hudsonius,FALSE,2.2228549213535e-05,3.09996827784182e-05,0,Unique to reanalyzed
D050_RS034,D050,Am12S,12S,North_America,basin,2114398,23493.3111111111,21293,Oncorhynchus kisutch,FALSE,1.41884356682138e-05,1.11962022481974e-05,0,Unique to reanalyzed
D050_RS034,D050,Am12S,12S,North_America,basin,2114398,23493.3111111111,21293,Coregonus clupeaformis,FALSE,2.83768713364277e-06,2.4120882480604e-06,0,Unique to reanalyzed
D050_RS034,D050,Am12S,12S,North_America,basin,2114398,23493.3111111111,21293,Coregonus artedi,FALSE,1.41884356682138e-06,4.38481101464527e-06,0,Unique to reanalyzed
D050_RS034,D050,Am12S,12S,North_America,basin,2114398,23493.3111111111,21293,Hypentelium nigricans,FALSE,4.25653070046415e-06,2.64798898553643e-06,0,Unique to reanalyzed
D050_RS037,D050,Ac16S,16S,North_America,basin,861281,9569.78888888889,5667.5,Cyprinus carpio,TRUE,0.112713504651792,0.0625820692848627,4.3534098082323e-05,Overlapped
D050_RS037,D050,Ac16S,16S,North_America,basin,861281,9569.78888888889,5667.5,Lepomis gibbosus,TRUE,0.0832295151059875,0.0699339054495851,0,Overlapped
D050_RS037,D050,Ac16S,16S,North_America,basin,861281,9569.78888888889,5667.5,Semotilus atromaculatus,TRUE,0.0481782368355972,0.0177444427428537,0,Overlapped
D050_RS037,D050,Ac16S,16S,North_America,basin,861281,9569.78888888889,5667.5,Ameiurus nebulosus,TRUE,0.0671964202159342,0.0529090830460535,0,Overlapped
D050_RS037,D050,Ac16S,16S,North_America,basin,861281,9569.78888888889,5667.5,Ameiurus natalis,TRUE,0.0314032238026846,0.0221896389728044,0,Overlapped
D050_RS037,D050,Ac16S,16S,North_America,basin,861281,9569.78888888889,5667.5,Etheostoma nigrum,TRUE,0.0397222277050115,0.0415497911168835,0,Overlapped
D050_RS037,D050,Ac16S,16S,North_America,basin,861281,9569.78888888889,5667.5,Esox lucius,TRUE,0.0776610653201452,0.0559848675619637,0,Overlapped
D050_RS037,D050,Ac16S,16S,North_America,basin,861281,9569.78888888889,5667.5,Culaea inconstans,TRUE,0.00499372446390899,0.00114633869991615,0,Overlapped
D050_RS037,D050,Ac16S,16S,North_America,basin,861281,9569.78888888889,5667.5,Ictalurus punctatus,TRUE,0.0534784814712039,0.0732764117606032,0.00666059581110967,Overlapped
D050_RS037,D050,Ac16S,16S,North_America,basin,861281,9569.78888888889,5667.5,Micropterus dolomieu,TRUE,0.0207713858775475,0.0122894951116698,0,Overlapped
D050_RS037,D050,Ac16S,16S,North_America,basin,861281,9569.78888888889,5667.5,Salvelinus namaycush,TRUE,0.0199389049566866,0.0102450385568533,0,Overlapped
D050_RS037,D050,Ac16S,16S,North_America,basin,861281,9569.78888888889,5667.5,Sander vitreus,TRUE,0.0253842822493472,0.0322660058703491,0,Overlapped
D050_RS037,D050,Ac16S,16S,North_America,basin,861281,9569.78888888889,5667.5,Notropis atherinoides,TRUE,0.0115188887250502,0.0125025978363683,0,Overlapped
D050_RS037,D050,Ac16S,16S,North_America,basin,861281,9569.78888888889,5667.5,Aplodinotus grunniens,TRUE,0.0562011701175342,0.0642270005809537,0,Overlapped
D050_RS037,D050,Ac16S,16S,North_America,basin,861281,9569.78888888889,5667.5,Cottus bairdii,TRUE,0.00942085103467974,0.00801432836974914,0,Overlapped
D050_RS037,D050,Ac16S,16S,North_America,basin,861281,9569.78888888889,5667.5,Noturus flavus,TRUE,0.00420536387079246,0.00585327367253888,0,Overlapped
D050_RS037,D050,Ac16S,16S,North_America,basin,861281,9569.78888888889,5667.5,Acipenser fulvescens,TRUE,0.0465457847090555,0.0677397354511767,0,Overlapped
D050_RS037,D050,Ac16S,16S,North_America,basin,861281,9569.78888888889,5667.5,Moxostoma anisurum,TRUE,0.0618427667625316,0.0917304060361235,0.00408855974697215,Overlapped
D050_RS037,D050,Ac16S,16S,North_America,basin,861281,9569.78888888889,5667.5,Gymnocephalus cernua,TRUE,0.0228798731192259,0.0306870767350019,0,Overlapped
D050_RS037,D050,Ac16S,16S,North_America,basin,861281,9569.78888888889,5667.5,Notropis hudsonius,TRUE,0.035727015921633,0.0459038053635847,0,Overlapped
D050_RS037,D050,Ac16S,16S,North_America,basin,861281,9569.78888888889,5667.5,Perca flavescens,TRUE,0.0272895837711502,0.0556088232795697,0,Overlapped
D050_RS037,D050,Ac16S,16S,North_America,basin,861281,9569.78888888889,5667.5,Catostomus commersonii,TRUE,0.0295675859562675,0.0187147906697045,0,Overlapped
D050_RS037,D050,Ac16S,16S,North_America,basin,861281,9569.78888888889,5667.5,Notemigonus crysoleucas,TRUE,0.0111682482256081,0.0111895195379781,0,Overlapped
D050_RS037,D050,Ac16S,16S,North_America,basin,861281,9569.78888888889,5667.5,Lota lota,TRUE,0.00662037128416858,0.0122393831795639,0,Overlapped
D050_RS037,D050,Ac16S,16S,North_America,basin,861281,9569.78888888889,5667.5,Noturus gyrinus,TRUE,0.0362727147121555,0.0482244207890677,0,Overlapped
D050_RS037,D050,Ac16S,16S,North_America,basin,861281,9569.78888888889,5667.5,Neogobius melanostomus,TRUE,0.0094719377299627,0.012236357622009,0,Overlapped
D050_RS037,D050,Ac16S,16S,North_America,basin,861281,9569.78888888889,5667.5,Pomoxis nigromaculatus,TRUE,0.0221751089365724,0.0230755382853837,0,Overlapped
D050_RS037,D050,Ac16S,16S,North_America,basin,861281,9569.78888888889,5667.5,Lepomis macrochirus,TRUE,0.012814633087227,0.0279404374475532,0,Overlapped
D050_RS037,D050,Ac16S,16S,North_America,basin,861281,9569.78888888889,5667.5,Micropterus salmoides,TRUE,0.000575886383189691,0.000668271135696557,0,Overlapped
D050_RS037,D050,Ac16S,16S,North_America,basin,861281,9569.78888888889,5667.5,Ambloplites rupestris,TRUE,0.0101047161147175,0.0104890494424972,0,Overlapped
D050_RS037,D050,Ac16S,16S,North_America,basin,861281,9569.78888888889,5667.5,Salmo trutta,TRUE,0.000199702536106102,0.000124763348590247,0,Overlapped
D050_RS037,D050,Ac16S,16S,North_America,basin,861281,9569.78888888889,5667.5,Notropis heterolepis,TRUE,0.000132360983233114,0.000448023391537074,0,Overlapped
D050_RS037,D050,Ac16S,16S,North_America,basin,861281,9569.78888888889,5667.5,Pimephales promelas,TRUE,0.000375022785827157,8.55623699346017e-05,0,Overlapped
D050_RS037,D050,Ac16S,16S,North_America,basin,861281,9569.78888888889,5667.5,Proterorhinus marmoratus,FALSE,5.68920015651106e-05,2.13957571773578e-05,0,Unique to reanalyzed
D050_RS037,D050,Ac16S,16S,North_America,basin,861281,9569.78888888889,5667.5,Chrosomus eos,TRUE,4.64424502572331e-06,1.28008602178066e-05,0,Overlapped
D050_RS037,D050,Ac16S,16S,North_America,basin,861281,9569.78888888889,5667.5,Chrosomus neogaeus,FALSE,6.15362465908339e-05,2.271535009069e-05,0,Unique to reanalyzed
D050_RS037,D050,Ac16S,16S,North_America,basin,861281,9569.78888888889,5667.5,Morone americana,TRUE,3.13486539236324e-05,6.56903608373564e-05,0,Overlapped
D050_RS037,D050,Ac16S,16S,North_America,basin,861281,9569.78888888889,5667.5,Moxostoma carinatum,FALSE,2.55433476414782e-05,3.08938044552405e-05,0,Unique to reanalyzed
D050_RS037,D050,Ac16S,16S,North_America,basin,861281,9569.78888888889,5667.5,Rhinichthys obtusus,TRUE,1.74159188464624e-05,5.97212451162952e-06,0,Overlapped
D050_RS037,D050,Ac16S,16S,North_America,basin,861281,9569.78888888889,5667.5,Rhinichthys atratulus,FALSE,1.62548575900316e-05,1.24883590652998e-05,0,Unique to reanalyzed
D050_RS037,D050,Ac16S,16S,North_America,basin,861281,9569.78888888889,5667.5,Notropis texanus,FALSE,3.48318376929248e-06,3.12457037157391e-06,0,Unique to reanalyzed
D050_RS037,D050,Ac16S,16S,North_America,basin,861281,9569.78888888889,5667.5,Rhinichthys cataractae,TRUE,2.32212251286166e-06,4.66609429243346e-06,0,Overlapped
D048_RS038,D048,V16S01,16S,Oceania,basin,71069,2368.96666666667,1373.5,Aldrichetta forsteri,TRUE,0.0289577734314539,0.0887362626344626,0.00253016738030362,Overlapped
D048_RS038,D048,V16S01,16S,Oceania,basin,71069,2368.96666666667,1373.5,Torquigener pleurogramma,TRUE,0.71271581139456,0.79531492785285,0.923095434035221,Overlapped
D048_RS038,D048,V16S01,16S,Oceania,basin,71069,2368.96666666667,1373.5,Notolabrus parilus,TRUE,0.235869366390409,0.0368133583021223,0,Overlapped
D048_RS038,D048,V16S01,16S,Oceania,basin,71069,2368.96666666667,1373.5,Mugil cephalus,TRUE,0.0180950906865159,0.0575427907955678,0.00418256529210375,Overlapped
D048_RS038,D048,V16S01,16S,Oceania,basin,71069,2368.96666666667,1373.5,Bostockia porosa,TRUE,0.00312372483079824,0.00515029884989562,0,Overlapped
D048_RS038,D048,V16S01,16S,Oceania,basin,71069,2368.96666666667,1373.5,Gambusia affinis,FALSE,0.00043619580970606,0.00760289040720174,0,Unique to reanalyzed
D048_RS038,D048,V16S01,16S,Oceania,basin,71069,2368.96666666667,1373.5,Nematalosa erebi,FALSE,0.000506549972561877,0.00533509431406414,0,Unique to reanalyzed
D048_RS038,D048,V16S01,16S,Oceania,basin,71069,2368.96666666667,1373.5,Phalloceros caudimaculatus,TRUE,0.000211062488567449,0.00344827586206897,0,Overlapped
D048_RS038,D048,V16S01,16S,Oceania,basin,71069,2368.96666666667,1373.5,Haletta semifasciata,TRUE,8.44249954269794e-05,5.61009817671809e-05,0,Overlapped
D048_RS040,D048,V16S03,16S,Oceania,basin,46990,1740.37037037037,1199,Torquigener pleurogramma,TRUE,0.560842732496276,0.620294162243785,0.668101869015022,Overlapped
D048_RS040,D048,V16S03,16S,Oceania,basin,46990,1740.37037037037,1199,Mugil cephalus,TRUE,0.350819323260268,0.318093526656105,0.246431020468088,Overlapped
D048_RS040,D048,V16S03,16S,Oceania,basin,46990,1740.37037037037,1199,Aldrichetta forsteri,TRUE,0.0668440093636944,0.0447244878377061,0.0147339138848573,Overlapped
D048_RS040,D048,V16S03,16S,Oceania,basin,46990,1740.37037037037,1199,Haletta semifasciata,TRUE,0.0160672483507129,0.0138965142348465,0,Overlapped
D048_RS040,D048,V16S03,16S,Oceania,basin,46990,1740.37037037037,1199,Nematalosa erebi,FALSE,0.00512875079804214,0.00239959305122587,0,Unique to reanalyzed
D048_RS040,D048,V16S03,16S,Oceania,basin,46990,1740.37037037037,1199,Salmo trutta,FALSE,0.000297935731006597,0.000591715976331361,0,Unique to reanalyzed
D026_RS041,D026,AK16S,16S,North_America,basin,7629,1089.85714285714,0,Thymallus arcticus,FALSE,0.932625507930266,0.932625507930266,0.932625507930266,Unique to reanalyzed
D026_RS041,D026,AK16S,16S,North_America,basin,7629,1089.85714285714,0,Cottus asper,FALSE,0.0542666142351553,0.0542666142351553,0.0542666142351553,Unique to reanalyzed
D026_RS041,D026,AK16S,16S,North_America,basin,7629,1089.85714285714,0,Prosopium cylindraceum,FALSE,0.00734041158736401,0.00734041158736401,0.00734041158736401,Unique to reanalyzed
D026_RS041,D026,AK16S,16S,North_America,basin,7629,1089.85714285714,0,Cottus cognatus,TRUE,0.00576746624721458,0.00576746624721458,0.00576746624721458,Overlapped
D025_RS042,D025,COI313,CO1,North_America,basin,3366,673.2,149,Oncorhynchus mykiss,TRUE,0.680926916221034,0.5,0.5,Overlapped
D025_RS042,D025,COI313,CO1,North_America,basin,3366,673.2,149,Lavinia exilicauda,TRUE,0.319073083778966,0.5,0.5,Overlapped
D026_RS044,D026,AKCOIPro,COI,North_America,basin,203,29,0,Thymallus arcticus,FALSE,1,1,1,Unique to reanalyzed
D026_RS045,D026,AKCOISal,COI,North_America,basin,203,29,0,Thymallus arcticus,FALSE,1,1,1,Unique to reanalyzed
D003_RS048,D003,Cytb02,CytB,North_America,basin,211641,2821.88,0,Cyprinus carpio,FALSE,0.998322631248199,0.915293813949122,1,Unique to reanalyzed
D003_RS048,D003,Cytb02,CytB,North_America,basin,211641,2821.88,0,Semotilus atromaculatus,FALSE,0.00165846882220364,0.00137285271754435,0,Unique to reanalyzed
D003_RS048,D003,Cytb02,CytB,North_America,basin,211641,2821.88,0,Nocomis micropogon,FALSE,1.88999295977622e-05,0.0833333333333333,0,Unique to reanalyzed
D054_RS049,D054,MiFish,12S,North_America,basin,514,12.85,0,Etheostoma caeruleum,TRUE,0.474708171206226,0.474708171206226,0.474708171206226,Overlapped
D054_RS049,D054,MiFish,12S,North_America,basin,514,12.85,0,Catostomus commersonii,TRUE,0.282101167315175,0.282101167315175,0.282101167315175,Overlapped
D054_RS049,D054,MiFish,12S,North_America,basin,514,12.85,0,Cottus cognatus,FALSE,0.243190661478599,0.243190661478599,0.243190661478599,Unique to reanalyzed
D055_RS050,D055,MiFish,12S,Oceania,basin,1660367,166036.7,180645.5,Gambusia holbrooki,TRUE,0.650485103594567,0.531258436717224,0.520352456691969,Overlapped
D055_RS050,D055,MiFish,12S,Oceania,basin,1660367,166036.7,180645.5,Bostockia porosa,TRUE,0.343814951754642,0.464777185711837,0.479647543308031,Overlapped
D055_RS050,D055,MiFish,12S,Oceania,basin,1660367,166036.7,180645.5,Pseudogobius olorum,TRUE,0.00569994465079106,0.00396437757093907,0,Overlapped
D057_RS051,D057,MiFish,12S,North_America,basin,64967,1968.69696969697,809,Sicydium salvini,TRUE,0.592439238382563,0.304296212642299,0.222625968992248,Overlapped
D057_RS051,D057,MiFish,12S,North_America,basin,64967,1968.69696969697,809,Eleotris picta,TRUE,0.105915310850124,0.111646516288439,0.0487964989059081,Overlapped
D057_RS051,D057,MiFish,12S,North_America,basin,64967,1968.69696969697,809,Gobiomorus maculatus,TRUE,0.10494558775994,0.176446294036562,0.0955284552845529,Overlapped
D057_RS051,D057,MiFish,12S,North_America,basin,64967,1968.69696969697,809,Dajaus monticola,TRUE,0.0742222974741022,0.0385305113742585,0,Overlapped
D057_RS051,D057,MiFish,12S,North_America,basin,64967,1968.69696969697,809,Caranx sexfasciatus,TRUE,0.031415949635969,0.102647609998141,0,Overlapped
D057_RS051,D057,MiFish,12S,North_America,basin,64967,1968.69696969697,809,Awaous banana,TRUE,0.0202872227438546,0.0261651139179652,0,Overlapped
D057_RS051,D057,MiFish,12S,North_America,basin,64967,1968.69696969697,809,Lutjanus guttatus,TRUE,0.0267058660550741,0.0728296776379231,0,Overlapped
D057_RS051,D057,MiFish,12S,North_America,basin,64967,1968.69696969697,809,Sternopygus aequilabiatus,TRUE,0.0160696969230532,0.0251028279378089,0,Overlapped
D057_RS051,D057,MiFish,12S,North_America,basin,64967,1968.69696969697,809,Arothron hispidus,FALSE,0.0161466590730679,0.0657468995628015,0,Unique to reanalyzed
D057_RS051,D057,MiFish,12S,North_America,basin,64967,1968.69696969697,809,Rhamdia quelen,FALSE,0.008773685101667,0.0417165024312637,0,Unique to reanalyzed
D057_RS051,D057,MiFish,12S,North_America,basin,64967,1968.69696969697,809,Halichoeres dispilus,TRUE,0.00232425693044161,0.033673467863751,0,Overlapped
D057_RS051,D057,MiFish,12S,North_America,basin,64967,1968.69696969697,809,Poecilia sphenops,FALSE,0.000754229070143304,0.0011983663087872,0,Unique to reanalyzed
D058_RS052,D058,BCOI,COI,Europe,basin,832,64,19,Salmo trutta,TRUE,1,1,1,Overlapped
D059_RS054,D059,Teleo,12S,South_America,basin,7009,2336.33333333333,1129,Andinoacara pulcher,TRUE,0.546868312170067,0.540135791567624,0.548360822643046,Overlapped
D059_RS054,D059,Teleo,12S,South_America,basin,7009,2336.33333333333,1129,Megalops atlanticus,FALSE,0.233984876587245,0.226290011694404,0.234262125902993,Unique to reanalyzed
D059_RS054,D059,Teleo,12S,South_America,basin,7009,2336.33333333333,1129,Synbranchus marmoratus,FALSE,0.0817520331002996,0.0905567772298777,0.087719298245614,Unique to reanalyzed
D059_RS054,D059,Teleo,12S,South_America,basin,7009,2336.33333333333,1129,Poecilia reticulata,TRUE,0.0476530175488657,0.0235796829265081,0.00354295837023915,Overlapped
D059_RS054,D059,Teleo,12S,South_America,basin,7009,2336.33333333333,1129,Parexocoetus brachypterus,FALSE,0.041090027108004,0.0195479535736103,0,Unique to reanalyzed
D059_RS054,D059,Teleo,12S,South_America,basin,7009,2336.33333333333,1129,Apogon planifrons,FALSE,0.0476530175488657,0.0985862919087212,0.0504871567759079,Unique to reanalyzed
D059_RS054,D059,Teleo,12S,South_America,basin,7009,2336.33333333333,1129,Poecilia caucana,FALSE,0.000998715936652875,0.00130349109925508,0.000814498065567094,Unique to reanalyzed
D059_RS055,D059,Riaz03,12S,South_America,basin,9513,3171,1907,Bryconamericus plutarcoi,TRUE,0.712603805319037,0.535532447863359,0.5,Overlapped
D059_RS055,D059,Riaz03,12S,South_America,basin,9513,3171,1907,Gerres cinereus,FALSE,0.186586775990749,0.34885752970667,0.428571428571429,Unique to reanalyzed
D059_RS055,D059,Riaz03,12S,South_America,basin,9513,3171,1907,Scorpaena brasiliensis,FALSE,0.0340586565752129,0.0442248912705413,0.032312925170068,Unique to reanalyzed
D059_RS055,D059,Riaz03,12S,South_America,basin,9513,3171,1907,Megalops atlanticus,FALSE,0.0252286345001577,0.0436770179431682,0.0119047619047619,Unique to reanalyzed
D059_RS055,D059,Riaz03,12S,South_America,basin,9513,3171,1907,Poecilia reticulata,TRUE,0.0226006517397246,0.010211836230645,0,Overlapped
D059_RS055,D059,Riaz03,12S,South_America,basin,9513,3171,1907,Synbranchus marmoratus,FALSE,0.00956585724797645,0.00432221905576138,0,Unique to reanalyzed
D059_RS055,D059,Riaz03,12S,South_America,basin,9513,3171,1907,Mugil liza,FALSE,0.0062020393146221,0.00280231784933979,0,Unique to reanalyzed
D059_RS055,D059,Riaz03,12S,South_America,basin,9513,3171,1907,Eucinostomus melanopterus,FALSE,0.0022075055187638,0.00994426786620958,0.00262191924488726,Unique to reanalyzed
D059_RS055,D059,Riaz03,12S,South_America,basin,9513,3171,1907,Bagre marinus,FALSE,0.000946073793755913,0.00042747221430607,0,Unique to reanalyzed
D060_RS056,D060,Riaz03,12S,Europe,basin,623653,24946.12,10807,Salmo trutta,FALSE,0.9264126044451,0.841152220924979,0.954764776839566,Unique to reanalyzed
D060_RS056,D060,Riaz03,12S,Europe,basin,623653,24946.12,10807,Salmo salar,FALSE,0.0266125553793536,0.0683088133189046,0.00981940005391043,Unique to reanalyzed
D060_RS056,D060,Riaz03,12S,Europe,basin,623653,24946.12,10807,Cottus gobio,FALSE,0.0265869000870676,0.0209800904914558,0.00115154306771073,Unique to reanalyzed
D060_RS056,D060,Riaz03,12S,Europe,basin,623653,24946.12,10807,Rutilus rutilus,TRUE,0.00857367799080578,0.0327592716117441,0.00778443113772455,Overlapped
D060_RS056,D060,Riaz03,12S,Europe,basin,623653,24946.12,10807,Leuciscus leuciscus,TRUE,0.00355486143736982,0.0126918349675558,0.00295658682634731,Overlapped
D060_RS056,D060,Riaz03,12S,Europe,basin,623653,24946.12,10807,Perca fluviatilis,FALSE,0.00238433872682405,0.00868089176750107,0.00205838323353293,Unique to reanalyzed
D060_RS056,D060,Riaz03,12S,Europe,basin,623653,24946.12,10807,Squalius cephalus,TRUE,0.00228492446921605,0.007863731863655,0.00243263473053892,Overlapped
D060_RS056,D060,Riaz03,12S,Europe,basin,623653,24946.12,10807,Abramis brama,TRUE,0.00114326396249196,0.00391028978258661,0,Overlapped
D060_RS056,D060,Riaz03,12S,Europe,basin,623653,24946.12,10807,Phoxinus phoxinus,TRUE,0.00113685013942048,0.000601415994683902,0,Overlapped
D060_RS056,D060,Riaz03,12S,Europe,basin,623653,24946.12,10807,Gobio gobio,TRUE,0.000397657030431987,0.00102276873632089,0,Overlapped
D060_RS056,D060,Riaz03,12S,Europe,basin,623653,24946.12,10807,Esox lucius,TRUE,0.000391243207360503,0.00171118246821801,0.000330609738818306,Overlapped
D060_RS056,D060,Riaz03,12S,Europe,basin,623653,24946.12,10807,Cyprinus carpio,FALSE,0.000521123124558048,0.000317488072395141,0,Unique to reanalyzed
D062_RS057,D062,Tele02,12S,Asia,basin,3896169,49318.5949367089,24789,Cyprinus carpio,TRUE,0.148880862200793,0.159054102714383,0.125879802534426,Overlapped
D062_RS057,D062,Tele02,12S,Asia,basin,3896169,49318.5949367089,24789,Hypophthalmichthys nobilis,TRUE,0.105224645029515,0.105190025364144,0.0851591741610546,Overlapped
D062_RS057,D062,Tele02,12S,Asia,basin,3896169,49318.5949367089,24789,Coilia brachygnathus,FALSE,0.091628212225907,0.114716515370955,0.046043355593649,Unique to reanalyzed
D062_RS057,D062,Tele02,12S,Asia,basin,3896169,49318.5949367089,24789,Gnathopogon tsinanensis,FALSE,0.0809975131982211,0.0748047293470784,0.0360496187473467,Unique to reanalyzed
D062_RS057,D062,Tele02,12S,Asia,basin,3896169,49318.5949367089,24789,Onychostoma lini,FALSE,0.0357094366286473,0.0246083198907914,0.0022152172650828,Unique to reanalyzed
D062_RS057,D062,Tele02,12S,Asia,basin,3896169,49318.5949367089,24789,Rhynchocypris oxycephalus,FALSE,0.0698504094663245,0.0617497410480232,0.0184651128025448,Unique to reanalyzed
D062_RS057,D062,Tele02,12S,Asia,basin,3896169,49318.5949367089,24789,Rhinogobius similis,FALSE,0.0269174668757952,0.0289423332726849,0.0215758939457359,Unique to reanalyzed
D062_RS057,D062,Tele02,12S,Asia,basin,3896169,49318.5949367089,24789,Rhinogobius cliffordpopei,TRUE,0.0586571065064169,0.0370285609718882,0.0204142084344575,Overlapped
D062_RS057,D062,Tele02,12S,Asia,basin,3896169,49318.5949367089,24789,Hemiculter tchangi,FALSE,0.0261490197165472,0.0321404778963497,0.0140693898603317,Unique to reanalyzed
D062_RS057,D062,Tele02,12S,Asia,basin,3896169,49318.5949367089,24789,Gnathopogon taeniellus,FALSE,0.0269149002520168,0.02821949955244,0.00917185069943914,Unique to reanalyzed
D062_RS057,D062,Tele02,12S,Asia,basin,3896169,49318.5949367089,24789,Ctenopharyngodon idella,TRUE,0.0203448567041111,0.0211718346587752,0.0076860419678247,Overlapped
D062_RS057,D062,Tele02,12S,Asia,basin,3896169,49318.5949367089,24789,Rhodeus ocellatus,TRUE,0.0295082169176953,0.0584900303291394,0.0191413258584367,Overlapped
D062_RS057,D062,Tele02,12S,Asia,basin,3896169,49318.5949367089,24789,Hemiculter leucisculus,TRUE,0.0225965557448868,0.00640792307552271,0,Overlapped
D062_RS057,D062,Tele02,12S,Asia,basin,3896169,49318.5949367089,24789,Misgurnus mohoity,FALSE,0.00996902341761869,0.00380685992573223,0.000392063096587758,Unique to reanalyzed
D062_RS057,D062,Tele02,12S,Asia,basin,3896169,49318.5949367089,24789,Cobitis macrostigma,TRUE,0.0114484253634788,0.00679298701145545,0.00135359943992014,Overlapped
D062_RS057,D062,Tele02,12S,Asia,basin,3896169,49318.5949367089,24789,Squalidus chankaensis,FALSE,0.00918645982758961,0.00616109768977171,0.00116846013953177,Unique to reanalyzed
D062_RS057,D062,Tele02,12S,Asia,basin,3896169,49318.5949367089,24789,Parabramis pekinensis,TRUE,0.00874192058917362,0.00319861353416741,0,Overlapped
D062_RS057,D062,Tele02,12S,Asia,basin,3896169,49318.5949367089,24789,Tachysurus fulvidraco,FALSE,0.00734413727946606,0.0102548625135614,0.00275389715271967,Unique to reanalyzed
D062_RS057,D062,Tele02,12S,Asia,basin,3896169,49318.5949367089,24789,Sinogastromyzon hsiashiensis,FALSE,0.007520464333041,0.00356039852758961,0.000124603687941834,Unique to reanalyzed
D062_RS057,D062,Tele02,12S,Asia,basin,3896169,49318.5949367089,24789,Pseudogobio vaillanti,FALSE,0.00643093253911727,0.00534802129379094,0.000863255305294472,Unique to reanalyzed
D062_RS057,D062,Tele02,12S,Asia,basin,3896169,49318.5949367089,24789,Rhynchocypris lagowskii,TRUE,0.0076852415796132,0.0110985436531522,0.00181176166963388,Overlapped
D062_RS057,D062,Tele02,12S,Asia,basin,3896169,49318.5949367089,24789,Zacco platypus,TRUE,0.0127838397153717,0.0125128494363521,0.000871651807523266,Overlapped
D062_RS057,D062,Tele02,12S,Asia,basin,3896169,49318.5949367089,24789,Acheilognathus macropterus,TRUE,0.00710030802051964,0.00992847937821208,0.00494009814508634,Overlapped
D062_RS057,D062,Tele02,12S,Asia,basin,3896169,49318.5949367089,24789,Triplophysa sellaefer,TRUE,0.00625383549840882,0.00798179444287301,0.000181449098069381,Overlapped
D062_RS057,D062,Tele02,12S,Asia,basin,3896169,49318.5949367089,24789,Ancherythroculter wangi,FALSE,0.012645242031339,0.0108062145066054,0.00410719899303908,Unique to reanalyzed
D062_RS057,D062,Tele02,12S,Asia,basin,3896169,49318.5949367089,24789,Clarias batrachus,FALSE,0.00509474820009091,0.00468237093352136,0,Unique to reanalyzed
D062_RS057,D062,Tele02,12S,Asia,basin,3896169,49318.5949367089,24789,Misgurnus anguillicaudatus,TRUE,0.0075753900818984,0.00838589462732413,0.00356523559829306,Overlapped
D062_RS057,D062,Tele02,12S,Asia,basin,3896169,49318.5949367089,24789,Leptobotia guilinensis,FALSE,0.00498925996279936,0.00518032808666161,0,Unique to reanalyzed
D062_RS057,D062,Tele02,12S,Asia,basin,3896169,49318.5949367089,24789,Liobagrus marginatus,FALSE,0.00450776134197464,0.00295235985215122,2.98510209605802e-05,Unique to reanalyzed
D062_RS057,D062,Tele02,12S,Asia,basin,3896169,49318.5949367089,24789,Acheilognathus tonkinensis,FALSE,0.00498438337762043,0.00192744041972407,0,Unique to reanalyzed
D062_RS057,D062,Tele02,12S,Asia,basin,3896169,49318.5949367089,24789,Gobio rivuloides,FALSE,0.00501620951247238,0.0131889050752153,0.000686528357419033,Unique to reanalyzed
D062_RS057,D062,Tele02,12S,Asia,basin,3896169,49318.5949367089,24789,Gambusia affinis,TRUE,0.00455678385614176,0.00724499018515027,0.00165535264313489,Overlapped
D062_RS057,D062,Tele02,12S,Asia,basin,3896169,49318.5949367089,24789,Squaliobarbus curriculus,TRUE,0.00461016963073214,0.00193920035632715,0,Overlapped
D062_RS057,D062,Tele02,12S,Asia,basin,3896169,49318.5949367089,24789,Acanthorhodeus chankaensis,FALSE,0.00469307157877392,0.00663740702148595,0.00167184273883264,Unique to reanalyzed
D062_RS057,D062,Tele02,12S,Asia,basin,3896169,49318.5949367089,24789,Carassius auratus,TRUE,0.003799116516763,0.00360550810169978,0.00093752324613059,Overlapped
D062_RS057,D062,Tele02,12S,Asia,basin,3896169,49318.5949367089,24789,Onychostoma macrolepis,TRUE,0.00440252976706093,0.00501674258916566,0,Overlapped
D062_RS057,D062,Tele02,12S,Asia,basin,3896169,49318.5949367089,24789,Pseudobrama simoni,TRUE,0.00570021474941154,0.00761911080575423,0.00178790255725016,Overlapped
D062_RS057,D062,Tele02,12S,Asia,basin,3896169,49318.5949367089,24789,Hemibagrus macropterus,FALSE,0.003097401575753,0.00312082820177354,0.000180688886790626,Unique to reanalyzed
D062_RS057,D062,Tele02,12S,Asia,basin,3896169,49318.5949367089,24789,Saurogobio dumerili,TRUE,0.00320057985164401,0.00261180375479091,0,Overlapped
D062_RS057,D062,Tele02,12S,Asia,basin,3896169,49318.5949367089,24789,Siniperca undulata,FALSE,0.00237258702073755,0.00104018553941519,0,Unique to reanalyzed
D062_RS057,D062,Tele02,12S,Asia,basin,3896169,49318.5949367089,24789,Erromyzon sinensis,TRUE,0.00476570703170217,0.00131099855541014,0,Overlapped
D062_RS057,D062,Tele02,12S,Asia,basin,3896169,49318.5949367089,24789,Channa argus,FALSE,0.00242289284679386,0.00449490766932273,0.00101568904011049,Unique to reanalyzed
D062_RS057,D062,Tele02,12S,Asia,basin,3896169,49318.5949367089,24789,Pseudohemiculter dispar,TRUE,0.00770834119361865,0.00540730333397069,0.00145427293266804,Overlapped
D062_RS057,D062,Tele02,12S,Asia,basin,3896169,49318.5949367089,24789,Siniperca roulei,FALSE,0.0023253611432153,0.000779979715075499,0,Unique to reanalyzed
D062_RS057,D062,Tele02,12S,Asia,basin,3896169,49318.5949367089,24789,Megalobrama amblycephala,FALSE,0.00263412598375481,0.00103641983604108,0,Unique to reanalyzed
D062_RS057,D062,Tele02,12S,Asia,basin,3896169,49318.5949367089,24789,Macrognathus aculeatus,FALSE,0.00219754327905181,0.0019091306760702,0,Unique to reanalyzed
D062_RS057,D062,Tele02,12S,Asia,basin,3896169,49318.5949367089,24789,Culter alburnus,FALSE,0.00410480140876846,0.00647444339592912,0.00192523186420289,Unique to reanalyzed
D062_RS057,D062,Tele02,12S,Asia,basin,3896169,49318.5949367089,24789,Triplophysa dalaica,TRUE,0.00377524691562404,0.00366920088757547,0.000618259427247429,Overlapped
D062_RS057,D062,Tele02,12S,Asia,basin,3896169,49318.5949367089,24789,Glyptothorax sinensis,TRUE,0.00261487630541694,0.00140398379941248,0,Overlapped
D062_RS057,D062,Tele02,12S,Asia,basin,3896169,49318.5949367089,24789,Micropercops swinhonis,TRUE,0.00413277760795284,0.00716586887051094,0.00187001275006982,Overlapped
D062_RS057,D062,Tele02,12S,Asia,basin,3896169,49318.5949367089,24789,Siniperca knerii,FALSE,0.00340436977964765,0.00516919638443875,1.06339990216721e-05,Unique to reanalyzed
D062_RS057,D062,Tele02,12S,Asia,basin,3896169,49318.5949367089,24789,Channa maculata,FALSE,0.0014375659782725,0.00244345431563793,0,Unique to reanalyzed
D062_RS057,D062,Tele02,12S,Asia,basin,3896169,49318.5949367089,24789,Silurus meridionalis,FALSE,0.00170064491555679,0.0013817347826891,0,Unique to reanalyzed
D062_RS057,D062,Tele02,12S,Asia,basin,3896169,49318.5949367089,24789,Elopichthys bambusa,TRUE,0.00123403271264671,0.00184994190086737,0,Overlapped
D062_RS057,D062,Tele02,12S,Asia,basin,3896169,49318.5949367089,24789,Planiliza haematocheilus,TRUE,0.00121170308577477,0.000314846273362702,0,Overlapped
D062_RS057,D062,Tele02,12S,Asia,basin,3896169,49318.5949367089,24789,Megalobrama terminalis,FALSE,0.00207177871391102,0.00234169923763566,0,Unique to reanalyzed
D062_RS057,D062,Tele02,12S,Asia,basin,3896169,49318.5949367089,24789,Triplophysa orientalis,FALSE,0.00122761615320075,0.00088265125784776,0,Unique to reanalyzed
D062_RS057,D062,Tele02,12S,Asia,basin,3896169,49318.5949367089,24789,Sarcocheilichthys nigripinnis,TRUE,0.0019678304508865,0.00243045529769986,3.09093531702693e-05,Overlapped
D062_RS057,D062,Tele02,12S,Asia,basin,3896169,49318.5949367089,24789,Odontobutis sinensis,TRUE,0.00112212791590919,0.000539224355665049,0,Overlapped
D062_RS057,D062,Tele02,12S,Asia,basin,3896169,49318.5949367089,24789,Squalidus wolterstorffi,FALSE,0.00212259786472301,0.0005525650273037,0,Unique to reanalyzed
D062_RS057,D062,Tele02,12S,Asia,basin,3896169,49318.5949367089,24789,Pseudolaubuca sinensis,TRUE,0.0014188296246903,0.000863592266031711,0,Overlapped
D062_RS057,D062,Tele02,12S,Asia,basin,3896169,49318.5949367089,24789,Hypophthalmichthys molitrix,TRUE,0.00105000578773662,0.0010429069990563,0,Overlapped
D062_RS057,D062,Tele02,12S,Asia,basin,3896169,49318.5949367089,24789,Leuciscus waleckii,TRUE,0.000780510291006371,0.000760568046182635,0,Overlapped
D062_RS057,D062,Tele02,12S,Asia,basin,3896169,49318.5949367089,24789,Barbodes semifasciolatus,FALSE,0.000672455429936432,0.000182386972490419,0,Unique to reanalyzed
D062_RS057,D062,Tele02,12S,Asia,basin,3896169,49318.5949367089,24789,Brachymystax lenok,TRUE,0.000623432915769311,0.000192551857183189,0,Overlapped
D062_RS057,D062,Tele02,12S,Asia,basin,3896169,49318.5949367089,24789,Lateolabrax japonicus,FALSE,0.00159618332777659,0.00145058727469344,0,Unique to reanalyzed
D062_RS057,D062,Tele02,12S,Asia,basin,3896169,49318.5949367089,24789,Hyporhamphus intermedius,TRUE,0.000853402406312457,0.00136396410659699,0,Overlapped
D062_RS057,D062,Tele02,12S,Asia,basin,3896169,49318.5949367089,24789,Coreoperca loona,FALSE,0.000625486214792017,0.000170645925375915,0,Unique to reanalyzed
D062_RS057,D062,Tele02,12S,Asia,basin,3896169,49318.5949367089,24789,Oryzias sinensis,FALSE,0.00107567202552045,0.00137970130825572,5.31699951083604e-06,Unique to reanalyzed
D062_RS057,D062,Tele02,12S,Asia,basin,3896169,49318.5949367089,24789,Rhodeus sinensis,TRUE,0.000664755558601282,0.000701734238019335,0,Overlapped
D062_RS057,D062,Tele02,12S,Asia,basin,3896169,49318.5949367089,24789,Triplophysa siluroides,FALSE,0.00179997325578023,0.00194826936202145,0,Unique to reanalyzed
D062_RS057,D062,Tele02,12S,Asia,basin,3896169,49318.5949367089,24789,Mylopharyngodon piceus,TRUE,0.000888051827320632,0.00185008863182497,0,Overlapped
D062_RS057,D062,Tele02,12S,Asia,basin,3896169,49318.5949367089,24789,Schistura fasciolata,TRUE,0.000757667339378759,0.000212619966932252,0,Overlapped
D062_RS057,D062,Tele02,12S,Asia,basin,3896169,49318.5949367089,24789,Toxabramis swinhonis,TRUE,0.000739187648174399,0.000466745102730586,0,Overlapped
D062_RS057,D062,Tele02,12S,Asia,basin,3896169,49318.5949367089,24789,Acheilognathus tabira,FALSE,0.000530264472613996,0.000147146760758365,0,Unique to reanalyzed
D062_RS057,D062,Tele02,12S,Asia,basin,3896169,49318.5949367089,24789,Mugil cephalus,TRUE,0.000536167707304278,0.000847505218174649,0,Overlapped
D062_RS057,D062,Tele02,12S,Asia,basin,3896169,49318.5949367089,24789,Pseudobagrus vachellii,FALSE,0.000648072504041791,0.000548899246283165,0,Unique to reanalyzed
D062_RS057,D062,Tele02,12S,Asia,basin,3896169,49318.5949367089,24789,Macropodus opercularis,FALSE,0.000649355815930983,0.00045864301910452,0,Unique to reanalyzed
D062_RS057,D062,Tele02,12S,Asia,basin,3896169,49318.5949367089,24789,Microphysogobio fukiensis,FALSE,0.000480985296069036,0.000480539674945504,0,Unique to reanalyzed
D062_RS057,D062,Tele02,12S,Asia,basin,3896169,49318.5949367089,24789,Tachysurus nitidus,TRUE,0.000483551919847419,0.00328941509665554,0,Overlapped
D062_RS057,D062,Tele02,12S,Asia,basin,3896169,49318.5949367089,24789,Mugilogobius myxodermus,TRUE,0.000477392022779299,0.000289354785452359,0,Overlapped
D062_RS057,D062,Tele02,12S,Asia,basin,3896169,49318.5949367089,24789,Hemibarbus labeo,FALSE,0.000503058260563133,0.000212895278269634,0,Unique to reanalyzed
D062_RS057,D062,Tele02,12S,Asia,basin,3896169,49318.5949367089,24789,Pseudogastromyzon fangi,FALSE,0.00027565539379837,0.000658254603136586,0,Unique to reanalyzed
D062_RS057,D062,Tele02,12S,Asia,basin,3896169,49318.5949367089,24789,Sinibrama macrops,TRUE,0.000422979598677573,0.000639528925874921,0,Overlapped
D062_RS057,D062,Tele02,12S,Asia,basin,3896169,49318.5949367089,24789,Triplophysa pappenheimi,FALSE,0.000476365373267946,0.000821314014123676,0,Unique to reanalyzed
D062_RS057,D062,Tele02,12S,Asia,basin,3896169,49318.5949367089,24789,Tachysurus dumerili,FALSE,0.000480471971313359,0.000492917052428367,0,Unique to reanalyzed
D062_RS057,D062,Tele02,12S,Asia,basin,3896169,49318.5949367089,24789,Clarias fuscus,TRUE,0.000277965355198915,7.16538301880675e-05,0,Overlapped
D062_RS057,D062,Tele02,12S,Asia,basin,3896169,49318.5949367089,24789,Yunnanilus sichuanensis,FALSE,0.000505881546719354,0.000234601316932872,0,Unique to reanalyzed
D062_RS057,D062,Tele02,12S,Asia,basin,3896169,49318.5949367089,24789,Rhinogobio typus,TRUE,0.000313384763340605,0.000867945476103269,0,Overlapped
D062_RS057,D062,Tele02,12S,Asia,basin,3896169,49318.5949367089,24789,Siniperca chuatsi,FALSE,0.000161440635660311,4.54745075406337e-05,0,Unique to reanalyzed
D062_RS057,D062,Tele02,12S,Asia,basin,3896169,49318.5949367089,24789,Pseudobagrus pratti,FALSE,0.000206869876537696,0.000172238160784266,0,Unique to reanalyzed
D062_RS057,D062,Tele02,12S,Asia,basin,3896169,49318.5949367089,24789,Paramisgurnus dabryanus,TRUE,0.000289258499823801,0.0002938541306972,0,Overlapped
D062_RS057,D062,Tele02,12S,Asia,basin,3896169,49318.5949367089,24789,Gobiobotia filifer,FALSE,0.000188133522955498,6.35689250743612e-05,0,Unique to reanalyzed
D062_RS057,D062,Tele02,12S,Asia,basin,3896169,49318.5949367089,24789,Xenocypris yunnanensis,FALSE,0.000239722660901003,0.000399012027773783,0,Unique to reanalyzed
D062_RS057,D062,Tele02,12S,Asia,basin,3896169,49318.5949367089,24789,Acrossocheilus yunnanensis,FALSE,0.00015091747816894,3.87385738627474e-05,0,Unique to reanalyzed
D062_RS057,D062,Tele02,12S,Asia,basin,3896169,49318.5949367089,24789,Triplophysa stoliczkai,FALSE,0.000233562763832883,0.000466291659190558,0,Unique to reanalyzed
D062_RS057,D062,Tele02,12S,Asia,basin,3896169,49318.5949367089,24789,Spinibarbus denticulatus,TRUE,0.000270008821485926,7.09798434432932e-05,0,Overlapped
D062_RS057,D062,Tele02,12S,Asia,basin,3896169,49318.5949367089,24789,Glyptothorax fokiensis,FALSE,0.000151944127680293,3.84906026117447e-05,0,Unique to reanalyzed
D062_RS057,D062,Tele02,12S,Asia,basin,3896169,49318.5949367089,24789,Anguilla japonica,TRUE,0.000177867027841965,0.000172208048323464,0,Overlapped
D062_RS057,D062,Tele02,12S,Asia,basin,3896169,49318.5949367089,24789,Folifer brevifilis,FALSE,0.000131667799831065,3.2504103960735e-05,0,Unique to reanalyzed
D062_RS057,D062,Tele02,12S,Asia,basin,3896169,49318.5949367089,24789,Coreoperca whiteheadi,TRUE,0.000229969490543146,5.34256761552943e-05,0,Overlapped
D062_RS057,D062,Tele02,12S,Asia,basin,3896169,49318.5949367089,24789,Pseudolaubuca engraulis,TRUE,0.000148864179146233,0.000139916782636491,0,Overlapped
D062_RS057,D062,Tele02,12S,Asia,basin,3896169,49318.5949367089,24789,Acrossocheilus hemispinus,FALSE,0.000125251240385107,0.000135937801242709,0,Unique to reanalyzed
D062_RS057,D062,Tele02,12S,Asia,basin,3896169,49318.5949367089,24789,Acheilognathus omeiensis,FALSE,0.00010317827589101,2.96651678166265e-05,0,Unique to reanalyzed
D062_RS057,D062,Tele02,12S,Asia,basin,3896169,49318.5949367089,24789,Parasinilabeo assimilis,FALSE,0.000101124976868303,2.9079369638628e-05,0,Unique to reanalyzed
D062_RS057,D062,Tele02,12S,Asia,basin,3896169,49318.5949367089,24789,Neosalanx taihuensis,FALSE,0.000136544385009993,0.000480303847952301,0,Unique to reanalyzed
D062_RS057,D062,Tele02,12S,Asia,basin,3896169,49318.5949367089,24789,Pseudogastromyzon changtingensis,FALSE,8.44419223088116e-05,2.08923161645259e-05,0,Unique to reanalyzed
D062_RS057,D062,Tele02,12S,Asia,basin,3896169,49318.5949367089,24789,Salanx chinensis,FALSE,0.000106771549180747,0.000123669691592187,0,Unique to reanalyzed
D062_RS057,D062,Tele02,12S,Asia,basin,3896169,49318.5949367089,24789,Parabotia fasciata,FALSE,8.21319609082666e-05,2.37919176379267e-05,0,Unique to reanalyzed
D062_RS057,D062,Tele02,12S,Asia,basin,3896169,49318.5949367089,24789,Saurogobio gymnocheilus,FALSE,8.54685718201649e-05,3.91055693057805e-05,0,Unique to reanalyzed
D062_RS057,D062,Tele02,12S,Asia,basin,3896169,49318.5949367089,24789,Pseudorasbora elongata,FALSE,7.49454143287932e-05,1.85517317053748e-05,0,Unique to reanalyzed
D062_RS057,D062,Tele02,12S,Asia,basin,3896169,49318.5949367089,24789,Paratanakia himantegus,FALSE,0.000169910494128976,0.000209136937463471,0,Unique to reanalyzed
D062_RS057,D062,Tele02,12S,Asia,basin,3896169,49318.5949367089,24789,Hemisalanx brachyrostralis,FALSE,7.31487776839249e-05,4.16977204953514e-05,0,Unique to reanalyzed
D062_RS057,D062,Tele02,12S,Asia,basin,3896169,49318.5949367089,24789,Acanthogobio guentheri,FALSE,7.87953499963682e-05,4.52794180970258e-05,0,Unique to reanalyzed
D062_RS057,D062,Tele02,12S,Asia,basin,3896169,49318.5949367089,24789,Sinibrama taeniatus,FALSE,8.44419223088116e-05,2.45046459146343e-05,0,Unique to reanalyzed
D062_RS057,D062,Tele02,12S,Asia,basin,3896169,49318.5949367089,24789,Acheilognathus meridianus,FALSE,9.54784045558599e-05,2.40767578984424e-05,0,Unique to reanalyzed
D062_RS057,D062,Tele02,12S,Asia,basin,3896169,49318.5949367089,24789,Triplophysa leptosoma,FALSE,5.98023340363316e-05,1.42402120885778e-05,0,Unique to reanalyzed
D062_RS057,D062,Tele02,12S,Asia,basin,3896169,49318.5949367089,24789,Lepturichthys fimbriatus,FALSE,8.34152727974582e-05,3.71715887360806e-05,0,Unique to reanalyzed
D062_RS057,D062,Tele02,12S,Asia,basin,3896169,49318.5949367089,24789,Sarcocheilichthys kiangsiensis,FALSE,8.16186361525899e-05,2.25588942101335e-05,0,Unique to reanalyzed
D062_RS057,D062,Tele02,12S,Asia,basin,3896169,49318.5949367089,24789,Schizopygopsis malacanthus,TRUE,6.49355815930982e-05,0.000156182820524546,0,Overlapped
D062_RS057,D062,Tele02,12S,Asia,basin,3896169,49318.5949367089,24789,Vanmanenia stenosoma,FALSE,0.000165547233705725,0.000103888932910148,0,Unique to reanalyzed
D062_RS057,D062,Tele02,12S,Asia,basin,3896169,49318.5949367089,24789,Takifugu ocellatus,FALSE,8.34152727974582e-05,3.88903382504625e-05,0,Unique to reanalyzed
D062_RS057,D062,Tele02,12S,Asia,basin,3896169,49318.5949367089,24789,Channa asiatica,TRUE,5.26157874568583e-05,1.70305604228207e-05,0,Overlapped
D062_RS057,D062,Tele02,12S,Asia,basin,3896169,49318.5949367089,24789,Rhodeus fangi,FALSE,3.92693438092649e-05,0.000170166001626728,0,Unique to reanalyzed
D062_RS057,D062,Tele02,12S,Asia,basin,3896169,49318.5949367089,24789,Leptobotia taeniops,FALSE,9.29117807774765e-05,0.000162565260612389,0,Unique to reanalyzed
D062_RS057,D062,Tele02,12S,Asia,basin,3896169,49318.5949367089,24789,Sarcocheilichthys sinensis,FALSE,0.000102408288757495,0.000274668476042423,0,Unique to reanalyzed
D062_RS057,D062,Tele02,12S,Asia,basin,3896169,49318.5949367089,24789,Eleotris oxycephala,TRUE,0.00011241812149319,0.00011142921465839,0,Overlapped
D062_RS057,D062,Tele02,12S,Asia,basin,3896169,49318.5949367089,24789,Xenocypris davidi,TRUE,5.49257488574033e-05,0.000670943779653415,0,Overlapped
D062_RS057,D062,Tele02,12S,Asia,basin,3896169,49318.5949367089,24789,Hemibarbus maculatus,TRUE,3.07994853406e-05,7.58657643086422e-06,0,Overlapped
D062_RS057,D062,Tele02,12S,Asia,basin,3896169,49318.5949367089,24789,Spinibarbus sinensis,TRUE,5.49257488574033e-05,0.000106358053241571,0,Overlapped
D062_RS057,D062,Tele02,12S,Asia,basin,3896169,49318.5949367089,24789,Coilia mystus,FALSE,6.90421796385116e-05,0.00026644808196284,0,Unique to reanalyzed
D062_RS057,D062,Tele02,12S,Asia,basin,3896169,49318.5949367089,24789,Aphyocypris chinensis,FALSE,2.79761991843783e-05,1.09671629056341e-05,0,Unique to reanalyzed
D062_RS057,D062,Tele02,12S,Asia,basin,3896169,49318.5949367089,24789,Gnathopogon strigatus,FALSE,5.10758131898283e-05,4.6176771103041e-05,0,Unique to reanalyzed
D062_RS057,D062,Tele02,12S,Asia,basin,3896169,49318.5949367089,24789,Liobagrus styani,FALSE,9.18851312661232e-05,0.00029445052743142,0,Unique to reanalyzed
D062_RS057,D062,Tele02,12S,Asia,basin,3896169,49318.5949367089,24789,Acrossocheilus fasciatus,FALSE,3.18261348519533e-05,5.28590812508468e-05,0,Unique to reanalyzed
D062_RS057,D062,Tele02,12S,Asia,basin,3896169,49318.5949367089,24789,Pterocryptis cochinchinensis,FALSE,2.95161734514083e-05,1.86913352748272e-05,0,Unique to reanalyzed
D062_RS057,D062,Tele02,12S,Asia,basin,3896169,49318.5949367089,24789,Hemiculterella sauvagei,FALSE,3.51627457638516e-05,7.76978461846326e-05,0,Unique to reanalyzed
D062_RS057,D062,Tele02,12S,Asia,basin,3896169,49318.5949367089,24789,Bostrychus sinensis,FALSE,2.79761991843783e-05,1.82479198559797e-05,0,Unique to reanalyzed
D062_RS057,D062,Tele02,12S,Asia,basin,3896169,49318.5949367089,24789,Paracanthobrama guichenoti,FALSE,8.34152727974582e-05,9.51703307068267e-05,0,Unique to reanalyzed
D062_RS057,D062,Tele02,12S,Asia,basin,3896169,49318.5949367089,24789,Lefua costata,TRUE,3.56760705195283e-05,0.000101359734347916,0,Overlapped
D062_RS057,D062,Tele02,12S,Asia,basin,3896169,49318.5949367089,24789,Schizothorax davidi,FALSE,1.87363535821983e-05,4.83280801372253e-06,0,Unique to reanalyzed
D062_RS057,D062,Tele02,12S,Asia,basin,3896169,49318.5949367089,24789,Triplophysa markehenensis,FALSE,5.49257488574033e-05,3.08581324037837e-05,0,Unique to reanalyzed
D062_RS057,D062,Tele02,12S,Asia,basin,3896169,49318.5949367089,24789,Siniperca scherzeri,TRUE,2.001966547139e-05,6.19939792699406e-05,0,Overlapped
D062_RS057,D062,Tele02,12S,Asia,basin,3896169,49318.5949367089,24789,Schizopygopsis pylzovi,FALSE,2.90028486957316e-05,7.19025186519246e-06,0,Unique to reanalyzed
D062_RS057,D062,Tele02,12S,Asia,basin,3896169,49318.5949367089,24789,Culter oxycephaloides,FALSE,2.59229001616716e-05,2.85406005661303e-05,0,Unique to reanalyzed
D062_RS057,D062,Tele02,12S,Asia,basin,3896169,49318.5949367089,24789,Cyprinus multitaeniatus,FALSE,1.53997426703e-05,1.67028003915136e-05,0,Unique to reanalyzed
D062_RS057,D062,Tele02,12S,Asia,basin,3896169,49318.5949367089,24789,Microphysogobio kiatingensis,FALSE,3.41360962524983e-05,1.07551530036471e-05,0,Unique to reanalyzed
D062_RS057,D062,Tele02,12S,Asia,basin,3896169,49318.5949367089,24789,Percocypris pingi,FALSE,1.64263921816533e-05,9.4361760540618e-05,0,Unique to reanalyzed
D062_RS057,D062,Tele02,12S,Asia,basin,3896169,49318.5949367089,24789,Acrossocheilus paradoxus,FALSE,1.4629755536785e-05,2.62044943407111e-06,0,Unique to reanalyzed
D062_RS057,D062,Tele02,12S,Asia,basin,3896169,49318.5949367089,24789,Abbottina rivularis,TRUE,3.3109446741145e-05,1.23876753762667e-05,0,Overlapped
D062_RS057,D062,Tele02,12S,Asia,basin,3896169,49318.5949367089,24789,Myxocyprinus asiaticus,FALSE,1.74530416930066e-05,4.40568416143675e-06,0,Unique to reanalyzed
D062_RS057,D062,Tele02,12S,Asia,basin,3896169,49318.5949367089,24789,Cobitis sinensis,FALSE,1.6169729803815e-05,3.64166380354586e-06,0,Unique to reanalyzed
D062_RS057,D062,Tele02,12S,Asia,basin,3896169,49318.5949367089,24789,Garra orientalis,FALSE,1.25764565140783e-05,3.10442947141606e-06,0,Unique to reanalyzed
D062_RS057,D062,Tele02,12S,Asia,basin,3896169,49318.5949367089,24789,Sinogastromyzon sichangensis,FALSE,4.51725784995466e-05,9.47207753972787e-06,0,Unique to reanalyzed
D062_RS057,D062,Tele02,12S,Asia,basin,3896169,49318.5949367089,24789,Sarcocheilichthys parvus,FALSE,3.02861605849233e-05,3.26427025252429e-05,0,Unique to reanalyzed
D062_RS057,D062,Tele02,12S,Asia,basin,3896169,49318.5949367089,24789,Acrossocheilus monticola,FALSE,1.077981986921e-05,2.45208390617389e-06,0,Unique to reanalyzed
D062_RS057,D062,Tele02,12S,Asia,basin,3896169,49318.5949367089,24789,Leptobotia elongata,FALSE,1.59130674259766e-05,3.3475024131561e-06,0,Unique to reanalyzed
D062_RS057,D062,Tele02,12S,Asia,basin,3896169,49318.5949367089,24789,Anabarilius brevianalis,FALSE,1.97630030935516e-05,6.57230339337767e-06,0,Unique to reanalyzed
D062_RS057,D062,Tele02,12S,Asia,basin,3896169,49318.5949367089,24789,Ptychobarbus kaznakovi,FALSE,1.82230288265216e-05,1.26426667551651e-05,0,Unique to reanalyzed
D062_RS057,D062,Tele02,12S,Asia,basin,3896169,49318.5949367089,24789,Liobagrus kingi,FALSE,1.33464436475933e-05,3.12982875483005e-06,0,Unique to reanalyzed
D062_RS057,D062,Tele02,12S,Asia,basin,3896169,49318.5949367089,24789,Euchiloglanis kishinouyei,FALSE,1.20631317584017e-05,3.49128946295648e-06,0,Unique to reanalyzed
D062_RS057,D062,Tele02,12S,Asia,basin,3896169,49318.5949367089,24789,Hemiculter bleekeri,FALSE,7.18654657947332e-06,1.63154181772069e-06,0,Unique to reanalyzed
D062_RS057,D062,Tele02,12S,Asia,basin,3896169,49318.5949367089,24789,Sinibotia superciliaris,FALSE,5.13324755676666e-06,8.41771248326559e-07,0,Unique to reanalyzed
D062_RS057,D062,Tele02,12S,Asia,basin,3896169,49318.5949367089,24789,Onychostoma barbatulum,FALSE,1.12931446248867e-05,3.02239431670125e-06,0,Unique to reanalyzed
D062_RS057,D062,Tele02,12S,Asia,basin,3896169,49318.5949367089,24789,Platysmacheilus longibarbatus,FALSE,6.15989706811999e-06,1.48843523036884e-06,0,Unique to reanalyzed
D062_RS057,D062,Tele02,12S,Asia,basin,3896169,49318.5949367089,24789,Sinogastromyzon szechuanensis,FALSE,3.59327328973666e-06,8.68253884381824e-07,0,Unique to reanalyzed
D062_RS057,D062,Tele02,12S,Asia,basin,3896169,49318.5949367089,24789,Monopterus albus,FALSE,7.69987133514999e-06,2.4585979084561e-06,0,Unique to reanalyzed
D062_RS057,D062,Tele02,12S,Asia,basin,3896169,49318.5949367089,24789,Parazacco spilurus,FALSE,8.98318322434165e-06,2.13466375133921e-06,0,Unique to reanalyzed
D062_RS057,D062,Tele02,12S,Asia,basin,3896169,49318.5949367089,24789,Semilabeo notabilis,FALSE,3.33661091189833e-06,1.02685429348317e-06,0,Unique to reanalyzed
D062_RS057,D062,Tele02,12S,Asia,basin,3896169,49318.5949367089,24789,Anabarilius liui,FALSE,3.33661091189833e-06,3.61894008482796e-06,0,Unique to reanalyzed
D062_RS057,D062,Tele02,12S,Asia,basin,3896169,49318.5949367089,24789,Cynoglossus gracilis,FALSE,5.64657231244333e-06,1.64561144885221e-06,0,Unique to reanalyzed
D062_RS057,D062,Tele02,12S,Asia,basin,3896169,49318.5949367089,24789,Triplophysa scleroptera,FALSE,3.07994853406e-06,5.53881602268699e-06,0,Unique to reanalyzed
D062_RS057,D062,Tele02,12S,Asia,basin,3896169,49318.5949367089,24789,Capoeta capoeta,FALSE,3.07994853406e-06,1.07847932258557e-06,0,Unique to reanalyzed
D062_RS057,D062,Tele02,12S,Asia,basin,3896169,49318.5949367089,24789,Liobagrus marginatoides,FALSE,2.82328615622166e-06,7.28231344533531e-07,0,Unique to reanalyzed
D062_RS057,D062,Tele02,12S,Asia,basin,3896169,49318.5949367089,24789,Triplophysa anterodorsalis,FALSE,7.18654657947332e-06,0.000169955389721304,0,Unique to reanalyzed
D062_RS057,D062,Tele02,12S,Asia,basin,3896169,49318.5949367089,24789,Eleotris fusca,FALSE,3.07994853406e-06,8.32792020946628e-07,0,Unique to reanalyzed
D062_RS057,D062,Tele02,12S,Asia,basin,3896169,49318.5949367089,24789,Schizothorax kozlovi,FALSE,2.05329902270666e-06,1.10819010668823e-06,0,Unique to reanalyzed
D062_RS057,D062,Tele02,12S,Asia,basin,3896169,49318.5949367089,24789,Gobiobotia pappenheimi,FALSE,3.59327328973666e-06,8.55192737065008e-07,0,Unique to reanalyzed
D062_RS057,D062,Tele02,12S,Asia,basin,3896169,49318.5949367089,24789,Garra imberba,FALSE,2.05329902270666e-06,3.36708499330623e-07,0,Unique to reanalyzed
D062_RS057,D062,Tele02,12S,Asia,basin,3896169,49318.5949367089,24789,Gnathopogon nicholsi,FALSE,2.82328615622166e-06,1.60965156555998e-06,0,Unique to reanalyzed
D062_RS057,D062,Tele02,12S,Asia,basin,3896169,49318.5949367089,24789,Platysmacheilus nudiventris,FALSE,3.33661091189833e-06,8.06901676556377e-07,0,Unique to reanalyzed
D062_RS057,D062,Tele02,12S,Asia,basin,3896169,49318.5949367089,24789,Liobagrus anguillicauda,FALSE,1.53997426703e-06,6.66156390871259e-07,0,Unique to reanalyzed
D062_RS057,D062,Tele02,12S,Asia,basin,3896169,49318.5949367089,24789,Leptobotia rubrilabris,TRUE,1.53997426703e-06,2.52531374497968e-07,0,Overlapped
D062_RS057,D062,Tele02,12S,Asia,basin,3896169,49318.5949367089,24789,Leptobotia pellegrini,FALSE,2.309961400545e-06,7.67892265243115e-07,0,Unique to reanalyzed
D062_RS057,D062,Tele02,12S,Asia,basin,3896169,49318.5949367089,24789,Coreius guichenoti,FALSE,7.69987133514999e-07,2.36966375419194e-07,0,Unique to reanalyzed
D062_RS057,D062,Tele02,12S,Asia,basin,3896169,49318.5949367089,24789,Belligobio nummifer,FALSE,7.69987133514999e-07,1.98608548509145e-07,0,Unique to reanalyzed
D062_RS057,D062,Tele02,12S,Asia,basin,3896169,49318.5949367089,24789,Coreius heterodon,FALSE,7.69987133514999e-07,1.26265687248984e-07,0,Unique to reanalyzed
